t,date,series,obs,sim
0,2020-03-02,cases,0.0000,0.0000
1,2020-03-03,cases,2.0000,17.0821
2,2020-03-04,cases,2.0000,32.9522
3,2020-03-05,cases,2.0000,42.1115
4,2020-03-06,cases,3.0000,48.3912
5,2020-03-07,cases,4.0000,53.8527
6,2020-03-08,cases,8.0000,59.5619
7,2020-03-09,cases,9.0000,66.0666
8,2020-03-10,cases,9.0000,73.6544
9,2020-03-11,cases,2.0000,82.4963
10,2020-03-12,cases,18.0000,92.7236
11,2020-03-13,cases,19.0000,104.4674
12,2020-03-14,cases,34.0000,117.8777
13,2020-03-15,cases,57.0000,133.1337
14,2020-03-16,cases,76.0000,150.4467
15,2020-03-17,cases,86.0000,170.0545
16,2020-03-18,cases,117.0000,192.2600
17,2020-03-19,cases,194.0000,217.3852
18,2020-03-20,cases,143.0000,245.7963
19,2020-03-21,cases,235.0000,277.9344
20,2020-03-22,cases,260.0000,314.2711
21,2020-03-23,cases,320.0000,355.3596
22,2020-03-24,cases,460.0000,401.8162
23,2020-03-25,cases,302.0000,454.3385
24,2020-03-26,cases,633.0000,513.7240
25,2020-03-27,cases,549.0000,580.8601
26,2020-03-28,cases,724.0000,656.7586
27,2020-03-29,cases,902.0000,742.5596
28,2020-03-30,cases,792.0000,839.5516
29,2020-03-31,cases,446.0000,949.1870
30,2020-04-01,cases,1035.0000,1073.1078
31,2020-04-02,cases,808.0000,1213.1684
32,2020-04-03,cases,783.0000,1343.6783
33,2020-04-04,cases,852.0000,1380.6023
34,2020-04-05,cases,638.0000,1351.0118
35,2020-04-06,cases,754.0000,1290.5374
36,2020-04-07,cases,452.0000,1218.6608
37,2020-04-08,cases,712.0000,1145.2140
38,2020-04-09,cases,699.0000,1074.9372
39,2020-04-10,cases,815.0000,1010.0451
40,2020-04-11,cases,1516.0000,950.6803
41,2020-04-12,cases,515.0000,896.8199
42,2020-04-13,cases,598.0000,847.7325
43,2020-04-14,cases,349.0000,802.9263
44,2020-04-15,cases,514.0000,761.7320
45,2020-04-16,cases,643.0000,723.6632
46,2020-04-17,cases,750.0000,688.2699
47,2020-04-18,cases,181.0000,655.1982
48,2020-04-19,cases,663.0000,624.1511
49,2020-04-20,cases,521.0000,594.8889
50,2020-04-21,cases,657.0000,567.2563
51,2020-04-22,cases,516.0000,541.0692
52,2020-04-23,cases,603.0000,516.2178
53,2020-04-24,cases,371.0000,492.6025
54,2020-04-25,cases,444.0000,470.1230
55,2020-04-26,cases,474.0000,448.7211
56,2020-04-27,cases,412.0000,428.3273
57,2020-04-28,cases,163.0000,408.8785
58,2020-04-29,cases,295.0000,390.3324
59,2020-04-30,cases,183.0000,372.6404
60,2020-05-01,cases,368.0000,355.7530
61,2020-05-02,cases,295.0000,339.6367
62,2020-05-03,cases,203.0000,324.2586
63,2020-05-04,cases,92.0000,309.5780
64,2020-05-05,cases,242.0000,295.5627
65,2020-05-06,cases,178.0000,282.1836
66,2020-05-07,cases,480.0000,269.4105
67,2020-05-08,cases,533.0000,257.2161
68,2020-05-09,cases,553.0000,245.5741
69,2020-05-10,cases,138.0000,234.4590
70,2020-05-11,cases,175.0000,223.8470
71,2020-05-12,cases,98.0000,215.2414
72,2020-05-13,cases,234.0000,212.8904
73,2020-05-14,cases,219.0000,214.5420
74,2020-05-15,cases,187.0000,217.3963
75,2020-05-16,cases,264.0000,220.9719
76,2020-05-17,cases,227.0000,224.1028
77,2020-05-18,cases,226.0000,226.9068
78,2020-05-19,cases,173.0000,229.1934
79,2020-05-20,cases,223.0000,231.0960
80,2020-05-21,cases,228.0000,232.6933
81,2020-05-22,cases,252.0000,233.9889
82,2020-05-23,cases,288.0000,235.1040
83,2020-05-24,cases,271.0000,236.0842
84,2020-05-25,cases,152.0000,236.9493
85,2020-05-26,cases,165.0000,237.7400
86,2020-05-27,cases,219.0000,238.4789
87,2020-05-28,cases,285.0000,239.1831
88,2020-05-29,cases,304.0000,239.8637
89,2020-05-30,cases,350.0000,240.5282
90,2020-05-31,cases,257.0000,241.1824
91,2020-06-01,cases,297.0000,241.8299
92,2020-06-02,cases,200.0000,242.4734
93,2020-06-03,cases,195.0000,243.1145
94,2020-06-04,cases,366.0000,243.7545
95,2020-06-05,cases,331.0000,244.3941
96,2020-06-06,cases,377.0000,245.0339
97,2020-06-07,cases,382.0000,245.6741
98,2020-06-08,cases,342.0000,246.3151
99,2020-06-09,cases,192.0000,246.9569
100,2020-06-10,cases,421.0000,247.5997
101,2020-06-11,cases,294.0000,248.2435
102,2020-06-12,cases,310.0000,248.8884
103,2020-06-13,cases,270.0000,249.5343
104,2020-06-14,cases,283.0000,250.1813
105,2020-06-15,cases,227.0000,250.8294
106,2020-06-16,cases,346.0000,251.4786
107,2020-06-17,cases,300.0000,252.1289
108,2020-06-18,cases,336.0000,252.7803
109,2020-06-19,cases,417.0000,253.4328
110,2020-06-20,cases,375.0000,254.0864
111,2020-06-21,cases,377.0000,254.7411
112,2020-06-22,cases,292.0000,255.3970
113,2020-06-23,cases,259.0000,256.0539
114,2020-06-24,cases,345.0000,256.7119
115,2020-06-25,cases,367.0000,257.3710
116,2020-06-26,cases,311.0000,258.0312
117,2020-06-27,cases,451.0000,258.6925
118,2020-06-28,cases,323.0000,259.3549
119,2020-06-29,cases,457.0000,260.0184
120,2020-06-30,cases,266.0000,260.6830
121,2020-07-01,cases,259.0000,261.3487
122,2020-07-02,cases,352.0000,262.0154
123,2020-07-03,cases,378.0000,262.6832
124,2020-07-04,cases,455.0000,263.3521
125,2020-07-05,cases,413.0000,264.0221
126,2020-07-06,cases,328.0000,264.6932
127,2020-07-07,cases,232.0000,265.3653
128,2020-07-08,cases,287.0000,266.0385
129,2020-07-09,cases,443.0000,266.7128
130,2020-07-10,cases,418.0000,267.3881
131,2020-07-11,cases,402.0000,268.0645
132,2020-07-12,cases,342.0000,268.7420
133,2020-07-13,cases,291.0000,269.4205
134,2020-07-14,cases,306.0000,270.1001
135,2020-07-15,cases,233.0000,270.7807
136,2020-07-16,cases,375.0000,271.4624
137,2020-07-17,cases,339.0000,272.1452
138,2020-07-18,cases,312.0000,272.8290
139,2020-07-19,cases,313.0000,273.5138
140,2020-07-20,cases,246.0000,274.1997
141,2020-07-21,cases,135.0000,274.8866
142,2020-07-22,cases,127.0000,275.5746
143,2020-07-23,cases,252.0000,276.2636
144,2020-07-24,cases,229.0000,276.9536
145,2020-07-25,cases,313.0000,277.6447
146,2020-07-26,cases,263.0000,278.3368
147,2020-07-27,cases,209.0000,279.0300
148,2020-07-28,cases,135.0000,279.7241
149,2020-07-29,cases,111.0000,280.4193
150,2020-07-30,cases,203.0000,281.1155
151,2020-07-31,cases,255.0000,281.8127
152,2020-08-01,cases,204.0000,282.5109
153,2020-08-02,cases,238.0000,283.2101
154,2020-08-03,cases,153.0000,283.9104
155,2020-08-04,cases,106.0000,284.6116
156,2020-08-05,cases,112.0000,285.3139
157,2020-08-06,cases,167.0000,286.0171
158,2020-08-07,cases,213.0000,286.7213
159,2020-08-08,cases,290.0000,287.4266
160,2020-08-09,cases,186.0000,288.1328
161,2020-08-10,cases,131.0000,288.8400
162,2020-08-11,cases,157.0000,289.5482
163,2020-08-12,cases,120.0000,290.2574
164,2020-08-13,cases,278.0000,290.9675
165,2020-08-14,cases,325.0000,291.6786
166,2020-08-15,cases,235.0000,292.3907
167,2020-08-16,cases,198.0000,293.1038
168,2020-08-17,cases,121.0000,293.8178
169,2020-08-18,cases,132.0000,294.5328
170,2020-08-19,cases,214.0000,295.2488
171,2020-08-20,cases,253.0000,295.9657
172,2020-08-21,cases,291.0000,296.6835
173,2020-08-22,cases,219.0000,297.4023
174,2020-08-23,cases,241.0000,298.1220
175,2020-08-24,cases,145.0000,298.8427
176,2020-08-25,cases,123.0000,299.5644
177,2020-08-26,cases,192.0000,300.2869
178,2020-08-27,cases,362.0000,301.0104
179,2020-08-28,cases,397.0000,301.7348
180,2020-08-29,cases,403.0000,302.4601
181,2020-08-30,cases,374.0000,303.1864
182,2020-08-31,cases,320.0000,303.9135
183,2020-09-01,cases,244.0000,304.6416
184,2020-09-02,cases,231.0000,305.3706
185,2020-09-03,cases,390.0000,306.1005
186,2020-09-04,cases,418.0000,306.8313
187,2020-09-05,cases,406.0000,307.5630
188,2020-09-06,cases,486.0000,308.2955
189,2020-09-07,cases,315.0000,309.0290
190,2020-09-08,cases,249.0000,309.7634
191,2020-09-09,cases,388.0000,310.4986
192,2020-09-10,cases,646.0000,311.2347
193,2020-09-11,cases,585.0000,311.9717
194,2020-09-12,cases,687.0000,312.7095
195,2020-09-13,cases,497.0000,313.4482
196,2020-09-14,cases,673.0000,314.1878
197,2020-09-15,cases,613.0000,314.9282
198,2020-09-16,cases,425.0000,318.3514
199,2020-09-17,cases,605.0000,332.2522
200,2020-09-18,cases,770.0000,353.3590
201,2020-09-19,cases,780.0000,377.3686
202,2020-09-20,cases,849.0000,403.6365
203,2020-09-21,cases,552.0000,430.5264
204,2020-09-22,cases,623.0000,458.2468
205,2020-09-23,cases,463.0000,486.7323
206,2020-09-24,cases,802.0000,516.1928
207,2020-09-25,cases,691.0000,546.8151
208,2020-09-26,cases,899.0000,578.8029
209,2020-09-27,cases,884.0000,612.3265
210,2020-09-28,cases,665.0000,647.5693
211,2020-09-29,cases,425.0000,684.6687
212,2020-09-30,cases,688.0000,723.7992
213,2020-10-01,cases,825.0000,765.1007
214,2020-10-02,cases,854.0000,808.6951
215,2020-10-03,cases,888.0000,854.7150
216,2020-10-04,cases,963.0000,903.3308
217,2020-10-05,cases,904.0000,954.6829
218,2020-10-06,cases,734.0000,1008.9377
219,2020-10-07,cases,427.0000,1066.2623
220,2020-10-08,cases,944.0000,1126.8156
221,2020-10-09,cases,1278.0000,1190.7832
222,2020-10-10,cases,1394.0000,1258.3562
223,2020-10-11,cases,1646.0000,1329.7352
224,2020-10-12,cases,1090.0000,1405.1309
225,2020-10-13,cases,1249.0000,1484.7719
226,2020-10-14,cases,1208.0000,1568.8759
227,2020-10-15,cases,2072.0000,1657.7034
228,2020-10-16,cases,2101.0000,1751.5236
229,2020-10-17,cases,2608.0000,1850.5878
230,2020-10-18,cases,2153.0000,1955.1927
231,2020-10-19,cases,1856.0000,2065.6525
232,2020-10-20,cases,1949.0000,2182.2688
233,2020-10-21,cases,1876.0000,2305.3898
234,2020-10-22,cases,2535.0000,2435.3700
235,2020-10-23,cases,3270.0000,2572.5417
236,2020-10-24,cases,2899.0000,2717.3369
237,2020-10-25,cases,3669.0000,2870.1847
238,2020-10-26,cases,2577.0000,3031.4497
239,2020-10-27,cases,2447.0000,3201.6066
240,2020-10-28,cases,3299.0000,3381.1671
241,2020-10-29,cases,3960.0000,3570.5705
242,2020-10-30,cases,4224.0000,3770.3421
243,2020-10-31,cases,4656.0000,3981.0810
244,2020-11-01,cases,4007.0000,4203.2957
245,2020-11-02,cases,3062.0000,4437.5855
246,2020-11-03,cases,2506.0000,4684.6208
247,2020-11-04,cases,2596.0000,4944.9934
248,2020-11-05,cases,7497.0000,5219.4176
249,2020-11-06,cases,4410.0000,5508.5857
250,2020-11-07,cases,5550.0000,5813.2236
251,2020-11-08,cases,6640.0000,6081.2274
252,2020-11-09,cases,5784.0000,6155.7472
253,2020-11-10,cases,4096.0000,6099.0450
254,2020-11-11,cases,3817.0000,5984.2341
255,2020-11-12,cases,4935.0000,5850.7892
256,2020-11-13,cases,5839.0000,5715.9893
257,2020-11-14,cases,6653.0000,5588.0669
258,2020-11-15,cases,6602.0000,5473.6536
259,2020-11-16,cases,6035.0000,5365.0920
260,2020-11-17,cases,8371.0000,5267.4944
261,2020-11-18,cases,4452.0000,5177.4967
262,2020-11-19,cases,5891.0000,5093.3595
263,2020-11-20,cases,6994.0000,5014.0948
264,2020-11-21,cases,6489.0000,4938.5221
265,2020-11-22,cases,6472.0000,4865.8572
266,2020-11-23,cases,4788.0000,4795.5343
267,2020-11-24,cases,4044.0000,4727.0782
268,2020-11-25,cases,3919.0000,4660.0324
269,2020-11-26,cases,5290.0000,4594.3348
270,2020-11-27,cases,6383.0000,4529.8582
271,2020-11-28,cases,5444.0000,4466.2959
272,2020-11-29,cases,4868.0000,4403.6206
273,2020-11-30,cases,4093.0000,4341.8361
274,2020-12-01,cases,3262.0000,4280.8727
275,2020-12-02,cases,2401.0000,4220.6622
276,2020-12-03,cases,3384.0000,4161.2034
277,2020-12-04,cases,3772.0000,4102.4857
278,2020-12-05,cases,4935.0000,4044.4899
279,2020-12-06,cases,6087.0000,3987.2131
280,2020-12-07,cases,3834.0000,3930.6461
281,2020-12-08,cases,2597.0000,3874.7667
282,2020-12-09,cases,2905.0000,3819.5681
283,2020-12-10,cases,4097.0000,3765.0650
284,2020-12-11,cases,3134.0000,3711.2387
285,2020-12-12,cases,5080.0000,3658.0818
286,2020-12-13,cases,4413.0000,3605.5942
287,2020-12-14,cases,4044.0000,3553.7646
288,2020-12-15,cases,2194.0000,3502.5856
289,2020-12-16,cases,2638.0000,3452.0673
290,2020-12-17,cases,4720.0000,3402.1939
291,2020-12-18,cases,4320.0000,3352.9455
292,2020-12-19,cases,4336.0000,3304.3294
293,2020-12-20,cases,3835.0000,3256.3496
294,2020-12-21,cases,3334.0000,3208.9891
295,2020-12-22,cases,2099.0000,3162.2344
296,2020-12-23,cases,2436.0000,3116.0969
297,2020-12-24,cases,4602.0000,3070.5737
298,2020-12-25,cases,4378.0000,3025.6438
299,2020-12-26,cases,4146.0000,2981.2877
300,2020-12-27,cases,1214.0000,2937.5214
301,2020-12-28,cases,1577.0000,2894.3539
302,2020-12-29,cases,2093.0000,2851.7640
303,2020-12-30,cases,3336.0000,2809.7302
304,2020-12-31,cases,6049.0000,2768.2478
305,2021-01-01,cases,7627.0000,2727.3370
0,2020-03-02,ward,0.0000,0.0000
1,2020-03-03,ward,0.0000,1.3158
2,2020-03-04,ward,0.0000,3.0977
3,2020-03-05,ward,0.0000,4.1503
4,2020-03-06,ward,9.0000,5.1587
5,2020-03-07,ward,13.0000,8.2531
6,2020-03-08,ward,21.0000,12.4055
7,2020-03-09,ward,30.0000,13.9850
8,2020-03-10,ward,38.0000,17.7567
9,2020-03-11,ward,40.0000,22.7524
10,2020-03-12,ward,57.0000,33.3491
11,2020-03-13,ward,69.0000,39.5316
12,2020-03-14,ward,107.0000,41.0459
13,2020-03-15,ward,104.0000,44.5230
14,2020-03-16,ward,130.0000,50.1384
15,2020-03-17,ward,121.0000,61.9788
16,2020-03-18,ward,189.0000,76.9313
17,2020-03-19,ward,69.0000,86.3714
18,2020-03-20,ward,69.0000,97.2516
19,2020-03-21,ward,100.0000,112.4950
20,2020-03-22,ward,121.0000,132.6202
21,2020-03-23,ward,128.0000,152.3962
22,2020-03-24,ward,154.0000,172.8163
23,2020-03-25,ward,155.0000,200.6462
24,2020-03-26,ward,215.0000,232.8231
25,2020-03-27,ward,130.0000,271.0537
26,2020-03-28,ward,283.0000,304.4821
27,2020-03-29,ward,329.0000,353.1659
28,2020-03-30,ward,348.0000,401.7248
29,2020-03-31,ward,407.0000,461.1396
30,2020-04-01,ward,439.0000,524.7187
31,2020-04-02,ward,496.0000,583.8820
32,2020-04-03,ward,802.0000,671.1122
33,2020-04-04,ward,813.0000,753.0503
34,2020-04-05,ward,824.0000,806.3573
35,2020-04-06,ward,817.0000,882.3883
36,2020-04-07,ward,829.0000,955.0682
37,2020-04-08,ward,909.0000,1050.2365
38,2020-04-09,ward,966.0000,1131.7358
39,2020-04-10,ward,932.0000,1169.1497
40,2020-04-11,ward,953.0000,1252.2178
41,2020-04-12,ward,942.0000,1286.1558
42,2020-04-13,ward,949.0000,1345.7834
43,2020-04-14,ward,999.0000,1375.9764
44,2020-04-15,ward,1009.0000,1405.1810
45,2020-04-16,ward,992.0000,1416.2428
46,2020-04-17,ward,1073.0000,1389.8897
47,2020-04-18,ward,1062.0000,1363.5880
48,2020-04-19,ward,1025.0000,1357.2768
49,2020-04-20,ward,1019.0000,1331.4321
50,2020-04-21,ward,993.0000,1294.7629
51,2020-04-22,ward,959.0000,1277.8340
52,2020-04-23,ward,939.0000,1273.4277
53,2020-04-24,ward,891.0000,1216.2980
54,2020-04-25,ward,880.0000,1171.9193
55,2020-04-26,ward,854.0000,1141.6447
56,2020-04-27,ward,823.0000,1101.9966
57,2020-04-28,ward,819.0000,1072.3372
58,2020-04-29,ward,764.0000,1046.9017
59,2020-04-30,ward,811.0000,1015.7551
60,2020-05-01,ward,796.0000,976.2428
61,2020-05-02,ward,738.0000,929.8753
62,2020-05-03,ward,705.0000,881.0723
63,2020-05-04,ward,712.0000,838.4302
64,2020-05-05,ward,670.0000,809.7794
65,2020-05-06,ward,684.0000,771.2445
66,2020-05-07,ward,702.0000,727.7210
67,2020-05-08,ward,739.0000,680.5250
68,2020-05-09,ward,715.0000,640.6615
69,2020-05-10,ward,695.0000,603.3474
70,2020-05-11,ward,685.0000,582.1515
71,2020-05-12,ward,693.0000,550.3037
72,2020-05-13,ward,596.0000,532.6268
73,2020-05-14,ward,589.0000,507.7107
74,2020-05-15,ward,572.0000,481.3918
75,2020-05-16,ward,561.0000,453.3700
76,2020-05-17,ward,542.0000,429.8875
77,2020-05-18,ward,541.0000,410.6897
78,2020-05-19,ward,523.0000,388.7346
79,2020-05-20,ward,528.0000,364.8975
80,2020-05-21,ward,516.0000,348.7896
81,2020-05-22,ward,516.0000,334.1313
82,2020-05-23,ward,492.0000,319.2666
83,2020-05-24,ward,470.0000,309.2003
84,2020-05-25,ward,458.0000,300.3930
85,2020-05-26,ward,459.0000,291.0328
86,2020-05-27,ward,442.0000,284.2493
87,2020-05-28,ward,444.0000,284.5147
88,2020-05-29,ward,447.0000,276.3766
89,2020-05-30,ward,463.0000,270.5217
90,2020-05-31,ward,451.0000,271.9293
91,2020-06-01,ward,410.0000,264.1568
92,2020-06-02,ward,407.0000,257.5272
93,2020-06-03,ward,374.0000,254.7859
94,2020-06-04,ward,372.0000,251.9523
95,2020-06-05,ward,387.0000,252.3615
96,2020-06-06,ward,363.0000,244.6232
97,2020-06-07,ward,357.0000,237.9524
98,2020-06-08,ward,340.0000,233.8130
99,2020-06-09,ward,311.0000,231.8309
100,2020-06-10,ward,329.0000,232.2287
101,2020-06-11,ward,347.0000,231.0304
102,2020-06-12,ward,345.0000,227.1916
103,2020-06-13,ward,367.0000,223.1638
104,2020-06-14,ward,351.0000,221.2141
105,2020-06-15,ward,346.0000,225.9732
106,2020-06-16,ward,358.0000,223.7522
107,2020-06-17,ward,352.0000,230.9878
108,2020-06-18,ward,366.0000,234.5094
109,2020-06-19,ward,349.0000,235.1086
110,2020-06-20,ward,355.0000,236.4512
111,2020-06-21,ward,352.0000,234.7325
112,2020-06-22,ward,338.0000,235.4072
113,2020-06-23,ward,352.0000,246.5076
114,2020-06-24,ward,369.0000,264.4769
115,2020-06-25,ward,356.0000,266.1348
116,2020-06-26,ward,369.0000,260.7993
117,2020-06-27,ward,390.0000,259.5979
118,2020-06-28,ward,372.0000,262.6522
119,2020-06-29,ward,383.0000,266.2995
120,2020-06-30,ward,418.0000,267.6953
121,2020-07-01,ward,418.0000,268.1419
122,2020-07-02,ward,424.0000,267.0682
123,2020-07-03,ward,433.0000,265.3570
124,2020-07-04,ward,423.0000,263.6940
125,2020-07-05,ward,416.0000,262.5155
126,2020-07-06,ward,431.0000,262.3078
127,2020-07-07,ward,439.0000,262.9702
128,2020-07-08,ward,435.0000,263.5434
129,2020-07-09,ward,438.0000,263.6282
130,2020-07-10,ward,414.0000,262.5997
131,2020-07-11,ward,405.0000,259.3828
132,2020-07-12,ward,391.0000,255.4974
133,2020-07-13,ward,398.0000,254.6087
134,2020-07-14,ward,404.0000,255.1401
135,2020-07-15,ward,403.0000,253.3772
136,2020-07-16,ward,410.0000,250.0836
137,2020-07-17,ward,404.0000,247.9978
138,2020-07-18,ward,380.0000,246.7115
139,2020-07-19,ward,387.0000,244.9537
140,2020-07-20,ward,378.0000,245.9445
141,2020-07-21,ward,393.0000,245.8097
142,2020-07-22,ward,377.0000,249.0338
143,2020-07-23,ward,380.0000,250.3499
144,2020-07-24,ward,372.0000,249.9110
145,2020-07-25,ward,368.0000,250.1782
146,2020-07-26,ward,360.0000,250.2013
147,2020-07-27,ward,355.0000,249.1852
148,2020-07-28,ward,369.0000,252.0874
149,2020-07-29,ward,361.0000,260.0192
150,2020-07-30,ward,360.0000,268.5631
151,2020-07-31,ward,361.0000,264.7883
152,2020-08-01,ward,340.0000,262.9543
153,2020-08-02,ward,335.0000,265.4391
154,2020-08-03,ward,337.0000,268.6335
155,2020-08-04,ward,348.0000,267.2533
156,2020-08-05,ward,357.0000,268.9615
157,2020-08-06,ward,343.0000,270.8183
158,2020-08-07,ward,327.0000,270.0045
159,2020-08-08,ward,320.0000,274.3460
160,2020-08-09,ward,324.0000,283.2160
161,2020-08-10,ward,333.0000,280.9205
162,2020-08-11,ward,345.0000,279.2109
163,2020-08-12,ward,330.0000,274.5076
164,2020-08-13,ward,327.0000,277.8585
165,2020-08-14,ward,319.0000,282.4365
166,2020-08-15,ward,307.0000,285.1897
167,2020-08-16,ward,283.0000,276.1047
168,2020-08-17,ward,286.0000,274.0479
169,2020-08-18,ward,297.0000,276.2060
170,2020-08-19,ward,298.0000,282.7287
171,2020-08-20,ward,294.0000,289.6469
172,2020-08-21,ward,295.0000,288.6339
173,2020-08-22,ward,280.0000,288.0234
174,2020-08-23,ward,274.0000,287.9865
175,2020-08-24,ward,270.0000,289.1928
176,2020-08-25,ward,277.0000,291.2363
177,2020-08-26,ward,284.0000,294.9268
178,2020-08-27,ward,273.0000,299.9162
179,2020-08-28,ward,282.0000,305.1957
180,2020-08-29,ward,296.0000,304.8162
181,2020-08-30,ward,284.0000,299.0809
182,2020-08-31,ward,300.0000,291.5120
183,2020-09-01,ward,308.0000,294.4774
184,2020-09-02,ward,306.0000,303.5833
185,2020-09-03,ward,296.0000,301.0610
186,2020-09-04,ward,290.0000,299.5701
187,2020-09-05,ward,299.0000,299.5514
188,2020-09-06,ward,304.0000,304.3091
189,2020-09-07,ward,311.0000,303.2994
190,2020-09-08,ward,332.0000,302.7914
191,2020-09-09,ward,344.0000,303.5882
192,2020-09-10,ward,339.0000,305.1480
193,2020-09-11,ward,349.0000,303.9094
194,2020-09-12,ward,350.0000,300.3914
195,2020-09-13,ward,379.0000,297.2957
196,2020-09-14,ward,395.0000,294.9544
197,2020-09-15,ward,416.0000,293.8693
198,2020-09-16,ward,419.0000,291.2626
199,2020-09-17,ward,421.0000,294.8394
200,2020-09-18,ward,421.0000,292.5050
201,2020-09-19,ward,408.0000,289.9403
202,2020-09-20,ward,433.0000,291.5188
203,2020-09-21,ward,448.0000,292.8336
204,2020-09-22,ward,457.0000,299.1101
205,2020-09-23,ward,476.0000,301.3663
206,2020-09-24,ward,494.0000,311.6231
207,2020-09-25,ward,503.0000,321.3273
208,2020-09-26,ward,538.0000,332.3150
209,2020-09-27,ward,530.0000,346.7405
210,2020-09-28,ward,546.0000,363.3584
211,2020-09-29,ward,561.0000,377.3151
212,2020-09-30,ward,562.0000,390.1729
213,2020-10-01,ward,561.0000,404.3495
214,2020-10-02,ward,575.0000,421.2203
215,2020-10-03,ward,575.0000,440.7557
216,2020-10-04,ward,562.0000,462.4159
217,2020-10-05,ward,577.0000,486.9528
218,2020-10-06,ward,595.0000,513.4723
219,2020-10-07,ward,628.0000,540.1300
220,2020-10-08,ward,660.0000,566.2835
221,2020-10-09,ward,686.0000,594.3444
222,2020-10-10,ward,686.0000,615.4786
223,2020-10-11,ward,709.0000,634.5201
224,2020-10-12,ward,719.0000,661.4955
225,2020-10-13,ward,749.0000,701.3750
226,2020-10-14,ward,784.0000,741.9987
227,2020-10-15,ward,822.0000,773.9075
228,2020-10-16,ward,854.0000,799.2875
229,2020-10-17,ward,871.0000,831.1653
230,2020-10-18,ward,864.0000,874.7178
231,2020-10-19,ward,931.0000,910.9073
232,2020-10-20,ward,1009.0000,944.5091
233,2020-10-21,ward,1061.0000,978.8404
234,2020-10-22,ward,1085.0000,1027.3065
235,2020-10-23,ward,1165.0000,1082.4927
236,2020-10-24,ward,1220.0000,1139.7584
237,2020-10-25,ward,1234.0000,1198.8479
238,2020-10-26,ward,1344.0000,1255.6429
239,2020-10-27,ward,1432.0000,1309.0222
240,2020-10-28,ward,1494.0000,1365.9140
241,2020-10-29,ward,1532.0000,1443.6712
242,2020-10-30,ward,1565.0000,1534.1282
243,2020-10-31,ward,1652.0000,1608.0783
244,2020-11-01,ward,1686.0000,1678.9275
245,2020-11-02,ward,1838.0000,1777.2712
246,2020-11-03,ward,1961.0000,1899.8937
247,2020-11-04,ward,2029.0000,2010.2749
248,2020-11-05,ward,2012.0000,2100.0337
249,2020-11-06,ward,2042.0000,2156.8029
250,2020-11-07,ward,2085.0000,2238.6670
251,2020-11-08,ward,2054.0000,2318.0265
252,2020-11-09,ward,2144.0000,2422.4452
253,2020-11-10,ward,2260.0000,2517.4007
254,2020-11-11,ward,2360.0000,2639.4413
255,2020-11-12,ward,2394.0000,2749.0099
256,2020-11-13,ward,2411.0000,2833.1300
257,2020-11-14,ward,2411.0000,2909.8714
258,2020-11-15,ward,2385.0000,2956.0550
259,2020-11-16,ward,2514.0000,3024.6972
260,2020-11-17,ward,2614.0000,3088.2143
261,2020-11-18,ward,2597.0000,3113.7119
262,2020-11-19,ward,2619.0000,3162.6393
263,2020-11-20,ward,2559.0000,3173.4667
264,2020-11-21,ward,2598.0000,3157.5821
265,2020-11-22,ward,2540.0000,3154.8987
266,2020-11-23,ward,2660.0000,3160.7948
267,2020-11-24,ward,2743.0000,3168.3125
268,2020-11-25,ward,2769.0000,3159.2359
269,2020-11-26,ward,2734.0000,3140.4244
270,2020-11-27,ward,2676.0000,3128.6159
271,2020-11-28,ward,2682.0000,3123.3508
272,2020-11-29,ward,2626.0000,3127.6569
273,2020-11-30,ward,2709.0000,3133.1191
274,2020-12-01,ward,2817.0000,3150.6460
275,2020-12-02,ward,2754.0000,3167.0107
276,2020-12-03,ward,2813.0000,3167.2890
277,2020-12-04,ward,2805.0000,3156.6061
278,2020-12-05,ward,2769.0000,3149.2197
279,2020-12-06,ward,2712.0000,3156.7435
280,2020-12-07,ward,2754.0000,3183.5882
281,2020-12-08,ward,2854.0000,3220.4111
282,2020-12-09,ward,2764.0000,3252.7079
283,2020-12-10,ward,2828.0000,3264.5170
284,2020-12-11,ward,2795.0000,3256.4359
285,2020-12-12,ward,2723.0000,3218.9137
286,2020-12-13,ward,2590.0000,3184.7986
287,2020-12-14,ward,2644.0000,3160.4116
288,2020-12-15,ward,2741.0000,3129.1866
289,2020-12-16,ward,2700.0000,3112.4841
290,2020-12-17,ward,2695.0000,3106.1429
291,2020-12-18,ward,2648.0000,3076.1779
292,2020-12-19,ward,2577.0000,3040.1152
293,2020-12-20,ward,2488.0000,3002.3410
294,2020-12-21,ward,2544.0000,2956.9850
295,2020-12-22,ward,2656.0000,2915.1728
296,2020-12-23,ward,2587.0000,2872.4327
297,2020-12-24,ward,2479.0000,2816.1026
298,2020-12-25,ward,2348.0000,2750.4375
299,2020-12-26,ward,2250.0000,2694.8203
300,2020-12-27,ward,2277.0000,2654.0760
301,2020-12-28,ward,2366.0000,2622.3624
302,2020-12-29,ward,2464.0000,2593.8873
303,2020-12-30,ward,2444.0000,2561.7179
304,2020-12-31,ward,2409.0000,2522.9278
305,2021-01-01,ward,2358.0000,2496.5852
0,2020-03-02,icu,0.0000,0.0000
1,2020-03-03,icu,0.0000,0.0071
2,2020-03-04,icu,0.0000,0.0315
3,2020-03-05,icu,0.0000,0.0703
4,2020-03-06,icu,0.0000,0.1173
5,2020-03-07,icu,0.0000,0.1857
6,2020-03-08,icu,0.0000,0.2937
7,2020-03-09,icu,0.0000,0.4260
8,2020-03-10,icu,0.0000,0.5827
9,2020-03-11,icu,0.0000,0.7735
10,2020-03-12,icu,0.0000,1.0489
11,2020-03-13,icu,0.0000,1.4088
12,2020-03-14,icu,0.0000,1.7888
13,2020-03-15,icu,10.0000,2.1788
14,2020-03-16,icu,9.0000,2.5985
15,2020-03-17,icu,18.0000,3.0943
16,2020-03-18,icu,17.0000,3.7180
17,2020-03-19,icu,20.0000,4.4494
18,2020-03-20,icu,20.0000,5.2581
19,2020-03-21,icu,26.0000,6.1655
20,2020-03-22,icu,35.0000,7.2326
21,2020-03-23,icu,41.0000,8.4751
22,2020-03-24,icu,47.0000,9.8746
23,2020-03-25,icu,48.0000,11.4747
24,2020-03-26,icu,61.0000,13.3313
25,2020-03-27,icu,61.0000,15.4932
26,2020-03-28,icu,71.0000,17.9471
27,2020-03-29,icu,89.0000,20.7439
28,2020-03-30,icu,138.0000,23.9470
29,2020-03-31,icu,164.0000,27.5835
30,2020-04-01,icu,188.0000,31.7608
31,2020-04-02,icu,230.0000,36.3900
32,2020-04-03,icu,240.0000,41.6275
33,2020-04-04,icu,245.0000,47.5724
34,2020-04-05,icu,251.0000,53.9592
35,2020-04-06,icu,267.0000,60.7500
36,2020-04-07,icu,270.0000,68.0544
37,2020-04-08,icu,271.0000,75.9216
38,2020-04-09,icu,245.0000,84.4433
39,2020-04-10,icu,241.0000,93.1787
40,2020-04-11,icu,226.0000,102.1748
41,2020-04-12,icu,233.0000,111.3813
42,2020-04-13,icu,228.0000,120.6566
43,2020-04-14,icu,188.0000,129.9900
44,2020-04-15,icu,218.0000,139.1918
45,2020-04-16,icu,208.0000,148.1844
46,2020-04-17,icu,229.0000,156.6517
47,2020-04-18,icu,222.0000,164.3478
48,2020-04-19,icu,228.0000,171.4990
49,2020-04-20,icu,224.0000,178.2086
50,2020-04-21,icu,215.0000,184.1853
51,2020-04-22,icu,213.0000,189.5523
52,2020-04-23,icu,207.0000,194.5624
53,2020-04-24,icu,204.0000,198.9725
54,2020-04-25,icu,188.0000,202.6130
55,2020-04-26,icu,186.0000,205.6543
56,2020-04-27,icu,182.0000,208.1483
57,2020-04-28,icu,176.0000,210.1355
58,2020-04-29,icu,172.0000,211.7216
59,2020-04-30,icu,169.0000,212.9157
60,2020-05-01,icu,172.0000,213.6557
61,2020-05-02,icu,154.0000,213.8897
62,2020-05-03,icu,150.0000,213.5666
63,2020-05-04,icu,144.0000,212.7342
64,2020-05-05,icu,143.0000,211.5736
65,2020-05-06,icu,134.0000,210.0842
66,2020-05-07,icu,136.0000,208.2102
67,2020-05-08,icu,135.0000,205.9177
68,2020-05-09,icu,127.0000,203.2442
69,2020-05-10,icu,120.0000,200.2949
70,2020-05-11,icu,112.0000,197.1462
71,2020-05-12,icu,112.0000,193.8407
72,2020-05-13,icu,113.0000,190.4339
73,2020-05-14,icu,103.0000,186.9570
74,2020-05-15,icu,108.0000,183.3668
75,2020-05-16,icu,112.0000,179.6411
76,2020-05-17,icu,115.0000,175.8062
77,2020-05-18,icu,108.0000,171.9239
78,2020-05-19,icu,105.0000,168.0048
79,2020-05-20,icu,101.0000,164.0174
80,2020-05-21,icu,93.0000,160.0024
81,2020-05-22,icu,92.0000,156.0082
82,2020-05-23,icu,84.0000,152.0461
83,2020-05-24,icu,80.0000,148.1383
84,2020-05-25,icu,78.0000,144.3156
85,2020-05-26,icu,72.0000,140.5806
86,2020-05-27,icu,71.0000,136.9274
87,2020-05-28,icu,66.0000,133.4270
88,2020-05-29,icu,65.0000,130.0582
89,2020-05-30,icu,66.0000,126.7642
90,2020-05-31,icu,63.0000,123.6111
91,2020-06-01,icu,64.0000,120.5800
92,2020-06-02,icu,64.0000,117.6105
93,2020-06-03,icu,58.0000,114.7339
94,2020-06-04,icu,56.0000,111.9679
95,2020-06-05,icu,58.0000,109.3274
96,2020-06-06,icu,58.0000,106.7747
97,2020-06-07,icu,57.0000,104.2606
98,2020-06-08,icu,58.0000,101.8081
99,2020-06-09,icu,55.0000,99.4414
100,2020-06-10,icu,65.0000,97.1824
101,2020-06-11,icu,70.0000,95.0299
102,2020-06-12,icu,70.0000,92.9580
103,2020-06-13,icu,73.0000,90.9381
104,2020-06-14,icu,77.0000,88.9837
105,2020-06-15,icu,73.0000,87.1452
106,2020-06-16,icu,73.0000,85.4027
107,2020-06-17,icu,71.0000,83.7777
108,2020-06-18,icu,69.0000,82.2970
109,2020-06-19,icu,67.0000,80.9050
110,2020-06-20,icu,67.0000,79.5943
111,2020-06-21,icu,70.0000,78.3450
112,2020-06-22,icu,69.0000,77.1445
113,2020-06-23,icu,72.0000,76.0694
114,2020-06-24,icu,72.0000,75.2064
115,2020-06-25,icu,73.0000,74.5087
116,2020-06-26,icu,67.0000,73.8242
117,2020-06-27,icu,67.0000,73.1316
118,2020-06-28,icu,70.0000,72.4817
119,2020-06-29,icu,75.0000,71.8991
120,2020-06-30,icu,71.0000,71.3748
121,2020-07-01,icu,73.0000,70.8832
122,2020-07-02,icu,79.0000,70.4127
123,2020-07-03,icu,77.0000,69.9565
124,2020-07-04,icu,72.0000,69.5031
125,2020-07-05,icu,73.0000,69.0623
126,2020-07-06,icu,73.0000,68.6334
127,2020-07-07,icu,74.0000,68.2118
128,2020-07-08,icu,76.0000,67.8133
129,2020-07-09,icu,74.0000,67.4548
130,2020-07-10,icu,73.0000,67.1069
131,2020-07-11,icu,66.0000,66.7458
132,2020-07-12,icu,68.0000,66.3635
133,2020-07-13,icu,64.0000,65.9748
134,2020-07-14,icu,63.0000,65.6049
135,2020-07-15,icu,69.0000,65.2436
136,2020-07-16,icu,68.0000,64.8742
137,2020-07-17,icu,72.0000,64.4906
138,2020-07-18,icu,67.0000,64.1082
139,2020-07-19,icu,65.0000,63.7247
140,2020-07-20,icu,61.0000,63.3587
141,2020-07-21,icu,61.0000,63.0133
142,2020-07-22,icu,62.0000,62.7020
143,2020-07-23,icu,59.0000,62.4375
144,2020-07-24,icu,59.0000,62.1918
145,2020-07-25,icu,52.0000,61.9509
146,2020-07-26,icu,50.0000,61.7187
147,2020-07-27,icu,48.0000,61.4900
148,2020-07-28,icu,45.0000,61.2872
149,2020-07-29,icu,41.0000,61.1597
150,2020-07-30,icu,43.0000,61.1320
151,2020-07-31,icu,42.0000,61.1295
152,2020-08-01,icu,41.0000,61.0973
153,2020-08-02,icu,40.0000,61.0668
154,2020-08-03,icu,41.0000,61.0737
155,2020-08-04,icu,42.0000,61.0893
156,2020-08-05,icu,44.0000,61.1006
157,2020-08-06,icu,41.0000,61.1390
158,2020-08-07,icu,42.0000,61.1796
159,2020-08-08,icu,36.0000,61.2260
160,2020-08-09,icu,33.0000,61.3582
161,2020-08-10,icu,33.0000,61.5220
162,2020-08-11,icu,29.0000,61.6514
163,2020-08-12,icu,35.0000,61.7357
164,2020-08-13,icu,40.0000,61.8060
165,2020-08-14,icu,39.0000,61.9170
166,2020-08-15,icu,41.0000,62.0812
167,2020-08-16,icu,37.0000,62.1862
168,2020-08-17,icu,39.0000,62.2186
169,2020-08-18,icu,39.0000,62.2562
170,2020-08-19,icu,38.0000,62.3363
171,2020-08-20,icu,35.0000,62.5039
172,2020-08-21,icu,39.0000,62.6869
173,2020-08-22,icu,41.0000,62.8478
174,2020-08-23,icu,42.0000,62.9986
175,2020-08-24,icu,47.0000,63.1486
176,2020-08-25,icu,44.0000,63.2811
177,2020-08-26,icu,41.0000,63.4502
178,2020-08-27,icu,38.0000,63.6994
179,2020-08-28,icu,35.0000,63.9953
180,2020-08-29,icu,38.0000,64.2862
181,2020-08-30,icu,40.0000,64.5277
182,2020-08-31,icu,41.0000,64.6779
183,2020-09-01,icu,41.0000,64.7855
184,2020-09-02,icu,44.0000,64.9710
185,2020-09-03,icu,41.0000,65.1826
186,2020-09-04,icu,44.0000,65.3579
187,2020-09-05,icu,40.0000,65.5151
188,2020-09-06,icu,41.0000,65.6899
189,2020-09-07,icu,43.0000,65.8809
190,2020-09-08,icu,49.0000,66.0514
191,2020-09-09,icu,50.0000,66.2170
192,2020-09-10,icu,52.0000,66.3917
193,2020-09-11,icu,57.0000,66.5529
194,2020-09-12,icu,54.0000,66.6815
195,2020-09-13,icu,59.0000,66.7671
196,2020-09-14,icu,57.0000,66.8178
197,2020-09-15,icu,61.0000,66.8496
198,2020-09-16,icu,59.0000,66.8513
199,2020-09-17,icu,61.0000,66.8644
200,2020-09-18,icu,59.0000,66.8911
201,2020-09-19,icu,57.0000,66.8754
202,2020-09-20,icu,64.0000,66.8647
203,2020-09-21,icu,63.0000,66.8594
204,2020-09-22,icu,61.0000,66.9091
205,2020-09-23,icu,70.0000,66.9949
206,2020-09-24,icu,77.0000,67.1489
207,2020-09-25,icu,85.0000,67.4084
208,2020-09-26,icu,86.0000,67.7695
209,2020-09-27,icu,85.0000,68.2551
210,2020-09-28,icu,89.0000,68.8898
211,2020-09-29,icu,98.0000,69.6463
212,2020-09-30,icu,99.0000,70.5245
213,2020-10-01,icu,105.0000,71.5343
214,2020-10-02,icu,107.0000,72.6749
215,2020-10-03,icu,107.0000,73.9436
216,2020-10-04,icu,106.0000,75.3769
217,2020-10-05,icu,105.0000,77.0042
218,2020-10-06,icu,106.0000,78.8383
219,2020-10-07,icu,104.0000,80.8788
220,2020-10-08,icu,104.0000,83.1131
221,2020-10-09,icu,115.0000,85.5470
222,2020-10-10,icu,125.0000,88.1358
223,2020-10-11,icu,122.0000,90.8154
224,2020-10-12,icu,124.0000,93.6200
225,2020-10-13,icu,128.0000,96.6611
226,2020-10-14,icu,132.0000,100.0045
227,2020-10-15,icu,135.0000,103.6070
228,2020-10-16,icu,139.0000,107.3381
229,2020-10-17,icu,144.0000,111.2072
230,2020-10-18,icu,148.0000,115.3120
231,2020-10-19,icu,155.0000,119.6612
232,2020-10-20,icu,165.0000,124.1905
233,2020-10-21,icu,176.0000,128.8718
234,2020-10-22,icu,187.0000,133.7922
235,2020-10-23,icu,200.0000,139.0423
236,2020-10-24,icu,198.0000,144.6661
237,2020-10-25,icu,221.0000,150.6747
238,2020-10-26,icu,230.0000,157.0381
239,2020-10-27,icu,240.0000,163.7074
240,2020-10-28,icu,253.0000,170.6421
241,2020-10-29,icu,262.0000,177.9987
242,2020-10-30,icu,269.0000,185.9570
243,2020-10-31,icu,275.0000,194.4743
244,2020-11-01,icu,286.0000,203.3587
245,2020-11-02,icu,284.0000,212.6809
246,2020-11-03,icu,294.0000,222.8422
247,2020-11-04,icu,320.0000,233.8286
248,2020-11-05,icu,325.0000,245.4076
249,2020-11-06,icu,320.0000,257.2056
250,2020-11-07,icu,340.0000,269.2259
251,2020-11-08,icu,366.0000,281.5259
252,2020-11-09,icu,378.0000,294.2533
253,2020-11-10,icu,391.0000,307.4870
254,2020-11-11,icu,382.0000,321.2810
255,2020-11-12,icu,391.0000,335.7393
256,2020-11-13,icu,383.0000,350.5558
257,2020-11-14,icu,388.0000,365.5596
258,2020-11-15,icu,413.0000,380.5029
259,2020-11-16,icu,415.0000,395.2822
260,2020-11-17,icu,426.0000,410.1707
261,2020-11-18,icu,431.0000,424.8320
262,2020-11-19,icu,432.0000,439.1623
263,2020-11-20,icu,458.0000,453.1857
264,2020-11-21,icu,481.0000,466.4414
265,2020-11-22,icu,485.0000,478.9335
266,2020-11-23,icu,491.0000,490.8544
267,2020-11-24,icu,498.0000,502.2902
268,2020-11-25,icu,506.0000,513.1170
269,2020-11-26,icu,517.0000,523.2635
270,2020-11-27,icu,516.0000,532.7368
271,2020-11-28,icu,526.0000,541.6617
272,2020-11-29,icu,529.0000,550.1615
273,2020-11-30,icu,536.0000,558.2960
274,2020-12-01,icu,525.0000,566.0837
275,2020-12-02,icu,521.0000,573.7002
276,2020-12-03,icu,525.0000,581.1599
277,2020-12-04,icu,525.0000,588.2229
278,2020-12-05,icu,526.0000,594.8370
279,2020-12-06,icu,517.0000,601.1229
280,2020-12-07,icu,514.0000,607.1400
281,2020-12-08,icu,513.0000,613.1637
282,2020-12-09,icu,499.0000,619.4199
283,2020-12-10,icu,504.0000,625.6219
284,2020-12-11,icu,509.0000,631.5418
285,2020-12-12,icu,507.0000,636.9073
286,2020-12-13,icu,503.0000,641.6097
287,2020-12-14,icu,513.0000,645.7556
288,2020-12-15,icu,513.0000,649.4027
289,2020-12-16,icu,506.0000,652.6261
290,2020-12-17,icu,486.0000,655.4991
291,2020-12-18,icu,494.0000,658.0458
292,2020-12-19,icu,484.0000,660.1082
293,2020-12-20,icu,485.0000,661.6543
294,2020-12-21,icu,483.0000,662.6714
295,2020-12-22,icu,502.0000,663.1498
296,2020-12-23,icu,508.0000,663.1202
297,2020-12-24,icu,511.0000,662.5270
298,2020-12-25,icu,505.0000,661.3194
299,2020-12-26,icu,504.0000,659.4726
300,2020-12-27,icu,513.0000,657.1762
301,2020-12-28,icu,504.0000,654.5902
302,2020-12-29,icu,503.0000,651.7906
303,2020-12-30,icu,486.0000,648.7912
304,2020-12-31,icu,487.0000,645.5437
305,2021-01-01,icu,482.0000,642.0748
0,2020-03-02,deaths,0.0000,0.0000
1,2020-03-03,deaths,0.0000,0.0105
2,2020-03-04,deaths,0.0000,0.0368
3,2020-03-05,deaths,0.0000,0.0617
4,2020-03-06,deaths,0.0000,0.0801
5,2020-03-07,deaths,0.0000,0.1181
6,2020-03-08,deaths,0.0000,0.1838
7,2020-03-09,deaths,0.0000,0.2327
8,2020-03-10,deaths,0.0000,0.2839
9,2020-03-11,deaths,0.0000,0.3513
10,2020-03-12,deaths,0.0000,0.4913
11,2020-03-13,deaths,0.0000,0.6396
12,2020-03-14,deaths,0.0000,0.7067
13,2020-03-15,deaths,0.0000,0.7621
14,2020-03-16,deaths,0.0000,0.8461
15,2020-03-17,deaths,0.0000,0.9988
16,2020-03-18,deaths,1.0000,1.2304
17,2020-03-19,deaths,0.0000,1.4476
18,2020-03-20,deaths,2.0000,1.6292
19,2020-03-21,deaths,3.0000,1.8532
20,2020-03-22,deaths,6.0000,2.1700
21,2020-03-23,deaths,2.0000,2.5241
22,2020-03-24,deaths,9.0000,2.8722
23,2020-03-25,deaths,10.0000,3.2947
24,2020-03-26,deaths,10.0000,3.8162
25,2020-03-27,deaths,17.0000,4.4303
26,2020-03-28,deaths,16.0000,5.0573
27,2020-03-29,deaths,24.0000,5.7819
28,2020-03-30,deaths,19.0000,6.6312
29,2020-03-31,deaths,21.0000,7.5575
30,2020-04-01,deaths,20.0000,8.6761
31,2020-04-02,deaths,27.0000,9.7267
32,2020-04-03,deaths,22.0000,11.0394
33,2020-04-04,deaths,37.0000,12.5512
34,2020-04-05,deaths,20.0000,13.7630
35,2020-04-06,deaths,29.0000,14.9540
36,2020-04-07,deaths,16.0000,16.3268
37,2020-04-08,deaths,34.0000,17.7940
38,2020-04-09,deaths,35.0000,19.4230
39,2020-04-10,deaths,29.0000,20.4824
40,2020-04-11,deaths,26.0000,21.5985
41,2020-04-12,deaths,35.0000,22.6697
42,2020-04-13,deaths,34.0000,23.5243
43,2020-04-14,deaths,31.0000,24.3750
44,2020-04-15,deaths,32.0000,24.9424
45,2020-04-16,deaths,32.0000,25.3883
46,2020-04-17,deaths,30.0000,25.3704
47,2020-04-18,deaths,28.0000,24.9673
48,2020-04-19,deaths,30.0000,24.8036
49,2020-04-20,deaths,27.0000,24.7053
50,2020-04-21,deaths,21.0000,24.2070
51,2020-04-22,deaths,27.0000,23.7992
52,2020-04-23,deaths,23.0000,23.6902
53,2020-04-24,deaths,35.0000,23.2319
54,2020-04-25,deaths,34.0000,22.4451
55,2020-04-26,deaths,26.0000,21.8585
56,2020-04-27,deaths,23.0000,21.3060
57,2020-04-28,deaths,25.0000,20.7491
58,2020-04-29,deaths,20.0000,20.3033
59,2020-04-30,deaths,25.0000,19.8433
60,2020-05-01,deaths,16.0000,19.2582
61,2020-05-02,deaths,18.0000,18.5661
62,2020-05-03,deaths,16.0000,17.7714
63,2020-05-04,deaths,20.0000,16.9963
64,2020-05-05,deaths,20.0000,16.4273
65,2020-05-06,deaths,11.0000,15.8381
66,2020-05-07,deaths,15.0000,15.1458
67,2020-05-08,deaths,16.0000,14.3772
68,2020-05-09,deaths,9.0000,13.6272
69,2020-05-10,deaths,12.0000,12.9936
70,2020-05-11,deaths,9.0000,12.4442
71,2020-05-12,deaths,9.0000,11.9413
72,2020-05-13,deaths,19.0000,11.5016
73,2020-05-14,deaths,12.0000,11.1020
74,2020-05-15,deaths,9.0000,10.6348
75,2020-05-16,deaths,6.0000,10.1345
76,2020-05-17,deaths,13.0000,9.6604
77,2020-05-18,deaths,15.0000,9.2655
78,2020-05-19,deaths,13.0000,8.8845
79,2020-05-20,deaths,16.0000,8.4595
80,2020-05-21,deaths,16.0000,8.0846
81,2020-05-22,deaths,14.0000,7.7823
82,2020-05-23,deaths,12.0000,7.4968
83,2020-05-24,deaths,13.0000,7.2423
84,2020-05-25,deaths,14.0000,7.0408
85,2020-05-26,deaths,14.0000,6.8497
86,2020-05-27,deaths,12.0000,6.6578
87,2020-05-28,deaths,14.0000,6.5712
88,2020-05-29,deaths,13.0000,6.4703
89,2020-05-30,deaths,14.0000,6.3014
90,2020-05-31,deaths,13.0000,6.2298
91,2020-06-01,deaths,14.0000,6.1458
92,2020-06-02,deaths,14.0000,5.9860
93,2020-06-03,deaths,12.0000,5.8764
94,2020-06-04,deaths,11.0000,5.7996
95,2020-06-05,deaths,8.0000,5.7505
96,2020-06-06,deaths,10.0000,5.6628
97,2020-06-07,deaths,9.0000,5.5120
98,2020-06-08,deaths,5.0000,5.3966
99,2020-06-09,deaths,6.0000,5.3194
100,2020-06-10,deaths,7.0000,5.2790
101,2020-06-11,deaths,5.0000,5.2482
102,2020-06-12,deaths,7.0000,5.1897
103,2020-06-13,deaths,1.0000,5.0962
104,2020-06-14,deaths,7.0000,5.0264
105,2020-06-15,deaths,5.0000,5.0311
106,2020-06-16,deaths,3.0000,5.0189
107,2020-06-17,deaths,2.0000,5.0427
108,2020-06-18,deaths,1.0000,5.1138
109,2020-06-19,deaths,1.0000,5.1196
110,2020-06-20,deaths,3.0000,5.1222
111,2020-06-21,deaths,1.0000,5.1047
112,2020-06-22,deaths,2.0000,5.0719
113,2020-06-23,deaths,4.0000,5.1515
114,2020-06-24,deaths,6.0000,5.3605
115,2020-06-25,deaths,3.0000,5.5272
116,2020-06-26,deaths,6.0000,5.4852
117,2020-06-27,deaths,6.0000,5.4168
118,2020-06-28,deaths,6.0000,5.4245
119,2020-06-29,deaths,3.0000,5.4694
120,2020-06-30,deaths,4.0000,5.5068
121,2020-07-01,deaths,8.0000,5.5125
122,2020-07-02,deaths,3.0000,5.5034
123,2020-07-03,deaths,8.0000,5.4827
124,2020-07-04,deaths,11.0000,5.4517
125,2020-07-05,deaths,7.0000,5.4295
126,2020-07-06,deaths,9.0000,5.4141
127,2020-07-07,deaths,6.0000,5.4020
128,2020-07-08,deaths,9.0000,5.4041
129,2020-07-09,deaths,2.0000,5.4209
130,2020-07-10,deaths,13.0000,5.4083
131,2020-07-11,deaths,2.0000,5.3649
132,2020-07-12,deaths,8.0000,5.3091
133,2020-07-13,deaths,6.0000,5.2694
134,2020-07-14,deaths,2.0000,5.2651
135,2020-07-15,deaths,6.0000,5.2510
136,2020-07-16,deaths,8.0000,5.2128
137,2020-07-17,deaths,3.0000,5.1641
138,2020-07-18,deaths,3.0000,5.1365
139,2020-07-19,deaths,2.0000,5.1060
140,2020-07-20,deaths,5.0000,5.1006
141,2020-07-21,deaths,2.0000,5.1017
142,2020-07-22,deaths,6.0000,5.1216
143,2020-07-23,deaths,5.0000,5.1606
144,2020-07-24,deaths,3.0000,5.1667
145,2020-07-25,deaths,7.0000,5.1604
146,2020-07-26,deaths,4.0000,5.1561
147,2020-07-27,deaths,1.0000,5.1424
148,2020-07-28,deaths,2.0000,5.1606
149,2020-07-29,deaths,3.0000,5.2456
150,2020-07-30,deaths,3.0000,5.3752
151,2020-07-31,deaths,2.0000,5.4152
152,2020-08-01,deaths,8.0000,5.3696
153,2020-08-02,deaths,2.0000,5.3705
154,2020-08-03,deaths,1.0000,5.4231
155,2020-08-04,deaths,0.0000,5.4378
156,2020-08-05,deaths,1.0000,5.4339
157,2020-08-06,deaths,1.0000,5.4741
158,2020-08-07,deaths,3.0000,5.4815
159,2020-08-08,deaths,3.0000,5.4939
160,2020-08-09,deaths,4.0000,5.6169
161,2020-08-10,deaths,6.0000,5.6735
162,2020-08-11,deaths,3.0000,5.6403
163,2020-08-12,deaths,2.0000,5.5903
164,2020-08-13,deaths,3.0000,5.5780
165,2020-08-14,deaths,6.0000,5.6419
166,2020-08-15,deaths,2.0000,5.7251
167,2020-08-16,deaths,3.0000,5.6597
168,2020-08-17,deaths,3.0000,5.5683
169,2020-08-18,deaths,1.0000,5.5789
170,2020-08-19,deaths,5.0000,5.6417
171,2020-08-20,deaths,2.0000,5.7689
172,2020-08-21,deaths,2.0000,5.8069
173,2020-08-22,deaths,4.0000,5.7933
174,2020-08-23,deaths,2.0000,5.7926
175,2020-08-24,deaths,2.0000,5.8050
176,2020-08-25,deaths,5.0000,5.8096
177,2020-08-26,deaths,4.0000,5.8666
178,2020-08-27,deaths,2.0000,5.9692
179,2020-08-28,deaths,2.0000,6.0541
180,2020-08-29,deaths,6.0000,6.0869
181,2020-08-30,deaths,3.0000,6.0422
182,2020-08-31,deaths,1.0000,5.9378
183,2020-09-01,deaths,3.0000,5.8917
184,2020-09-02,deaths,2.0000,6.0092
185,2020-09-03,deaths,3.0000,6.0629
186,2020-09-04,deaths,2.0000,6.0281
187,2020-09-05,deaths,4.0000,6.0200
188,2020-09-06,deaths,5.0000,6.0584
189,2020-09-07,deaths,2.0000,6.0963
190,2020-09-08,deaths,3.0000,6.0846
191,2020-09-09,deaths,3.0000,6.0924
192,2020-09-10,deaths,3.0000,6.1191
193,2020-09-11,deaths,3.0000,6.1169
194,2020-09-12,deaths,3.0000,6.0873
195,2020-09-13,deaths,5.0000,6.0381
196,2020-09-14,deaths,7.0000,5.9985
197,2020-09-15,deaths,4.0000,5.9788
198,2020-09-16,deaths,4.0000,5.9406
199,2020-09-17,deaths,3.0000,5.9574
200,2020-09-18,deaths,10.0000,5.9809
201,2020-09-19,deaths,6.0000,5.9270
202,2020-09-20,deaths,5.0000,5.9388
203,2020-09-21,deaths,13.0000,5.9543
204,2020-09-22,deaths,8.0000,6.0407
205,2020-09-23,deaths,5.0000,6.1094
206,2020-09-24,deaths,3.0000,6.2278
207,2020-09-25,deaths,3.0000,6.4077
208,2020-09-26,deaths,5.0000,6.5927
209,2020-09-27,deaths,8.0000,6.8210
210,2020-09-28,deaths,9.0000,7.0976
211,2020-09-29,deaths,4.0000,7.3644
212,2020-09-30,deaths,6.0000,7.6251
213,2020-10-01,deaths,8.0000,7.9013
214,2020-10-02,deaths,6.0000,8.1997
215,2020-10-03,deaths,6.0000,8.5282
216,2020-10-04,deaths,12.0000,8.9098
217,2020-10-05,deaths,10.0000,9.3466
218,2020-10-06,deaths,13.0000,9.8203
219,2020-10-07,deaths,14.0000,10.3142
220,2020-10-08,deaths,8.0000,10.8110
221,2020-10-09,deaths,10.0000,11.3355
222,2020-10-10,deaths,12.0000,11.8193
223,2020-10-11,deaths,5.0000,12.2311
224,2020-10-12,deaths,13.0000,12.6995
225,2020-10-13,deaths,14.0000,13.3339
226,2020-10-14,deaths,16.0000,14.0934
227,2020-10-15,deaths,7.0000,14.8229
228,2020-10-16,deaths,11.0000,15.3872
229,2020-10-17,deaths,21.0000,15.9874
230,2020-10-18,deaths,13.0000,16.7442
231,2020-10-19,deaths,19.0000,17.5306
232,2020-10-20,deaths,17.0000,18.2582
233,2020-10-21,deaths,15.0000,18.9677
234,2020-10-22,deaths,16.0000,19.8125
235,2020-10-23,deaths,16.0000,20.8226
236,2020-10-24,deaths,31.0000,21.9264
237,2020-10-25,deaths,21.0000,23.0716
238,2020-10-26,deaths,19.0000,24.2250
239,2020-10-27,deaths,27.0000,25.3536
240,2020-10-28,deaths,28.0000,26.4604
241,2020-10-29,deaths,24.0000,27.8101
242,2020-10-30,deaths,33.0000,29.4366
243,2020-10-31,deaths,40.0000,31.0893
244,2020-11-01,deaths,39.0000,32.5322
245,2020-11-02,deaths,37.0000,34.1233
246,2020-11-03,deaths,46.0000,36.2989
247,2020-11-04,deaths,45.0000,38.5475
248,2020-11-05,deaths,59.0000,40.5642
249,2020-11-06,deaths,46.0000,42.1257
250,2020-11-07,deaths,52.0000,43.7064
251,2020-11-08,deaths,56.0000,45.4325
252,2020-11-09,deaths,48.0000,47.3877
253,2020-11-10,deaths,63.0000,49.4949
254,2020-11-11,deaths,62.0000,51.7070
255,2020-11-12,deaths,82.0000,54.0888
256,2020-11-13,deaths,78.0000,56.0714
257,2020-11-14,deaths,69.0000,57.8123
258,2020-11-15,deaths,55.0000,59.1918
259,2020-11-16,deaths,76.0000,60.3873
260,2020-11-17,deaths,91.0000,61.8880
261,2020-11-18,deaths,81.0000,62.8997
262,2020-11-19,deaths,79.0000,63.7311
263,2020-11-20,deaths,69.0000,64.5435
264,2020-11-21,deaths,61.0000,64.6546
265,2020-11-22,deaths,62.0000,64.6858
266,2020-11-23,deaths,73.0000,64.8977
267,2020-11-24,deaths,74.0000,65.1628
268,2020-11-25,deaths,85.0000,65.2161
269,2020-11-26,deaths,71.0000,65.1037
270,2020-11-27,deaths,82.0000,64.9266
271,2020-11-28,deaths,67.0000,64.8577
272,2020-11-29,deaths,87.0000,64.8966
273,2020-11-30,deaths,64.0000,64.9893
274,2020-12-01,deaths,78.0000,65.1169
275,2020-12-02,deaths,72.0000,65.3883
276,2020-12-03,deaths,68.0000,65.6219
277,2020-12-04,deaths,79.0000,65.5642
278,2020-12-05,deaths,79.0000,65.3879
279,2020-12-06,deaths,73.0000,65.3633
280,2020-12-07,deaths,87.0000,65.4591
281,2020-12-08,deaths,78.0000,65.8574
282,2020-12-09,deaths,81.0000,66.4897
283,2020-12-10,deaths,70.0000,66.8015
284,2020-12-11,deaths,86.0000,66.7953
285,2020-12-12,deaths,95.0000,66.3993
286,2020-12-13,deaths,88.0000,65.7857
287,2020-12-14,deaths,98.0000,65.2771
288,2020-12-15,deaths,90.0000,64.8126
289,2020-12-16,deaths,84.0000,64.4048
290,2020-12-17,deaths,82.0000,64.0636
291,2020-12-18,deaths,87.0000,63.7309
292,2020-12-19,deaths,75.0000,63.1527
293,2020-12-20,deaths,86.0000,62.5006
294,2020-12-21,deaths,71.0000,61.7892
295,2020-12-22,deaths,57.0000,61.0114
296,2020-12-23,deaths,63.0000,60.2404
297,2020-12-24,deaths,89.0000,59.3597
298,2020-12-25,deaths,70.0000,58.3642
299,2020-12-26,deaths,65.0000,57.2757
300,2020-12-27,deaths,78.0000,56.3906
301,2020-12-28,deaths,63.0000,55.7152
302,2020-12-29,deaths,58.0000,55.1287
303,2020-12-30,deaths,74.0000,54.5327
304,2020-12-31,deaths,79.0000,53.8422
305,2021-01-01,deaths,76.0000,53.1798
