name,point_est,post_mean,ci_low,ci_high
beta1,0.411450,0.351801,0.338734,0.368637
beta2,0.078050,0.096734,0.093583,0.099536
beta3,0.147620,0.145379,0.144111,0.146525
beta4,0.252940,0.240567,0.235151,0.246415
beta5,0.124380,0.124446,0.119240,0.129783
theta,0.102810,0.095400,0.089268,0.101525
phi_h,0.157400,0.143561,0.130363,0.154938
r_c,1.503160,1.786584,1.511293,2.484285
psi_base,0.060000,0.059575,0.058759,0.059985
E0,483.747090,689.068156,610.631640,766.438115
I0,0.582390,0.835623,0.640793,1.069854
F_test,0.327520,0.252115,0.192433,0.323362
