t,daily_cases_obs,ward_obs,icu_obs,daily_deaths_obs,NT,P_0_49,P_50_59,P_60_69,P_70p
0,0.0,0.0,0.0,0.0,0.0,0.25,0.25,0.25,0.25
1,2.0,0.0,0.0,0.0,4.0,0.25,0.25,0.25,0.25
2,2.0,0.0,0.0,0.0,10.0,0.75,0.0,0.25,0.0
3,2.0,0.0,0.0,0.0,14.0,1.0,0.0,0.0,0.0
4,3.0,9.0,0.0,0.0,22.0,0.3333333333333333,0.3333333333333333,0.3333333333333333,0.0
5,4.0,13.0,0.0,0.0,30.0,0.5,0.25,0.0,0.25
6,8.0,21.0,0.0,0.0,38.0,0.875,0.0,0.125,0.0
7,9.0,30.0,0.0,0.0,46.0,0.6666666666666666,0.1111111111111111,0.1111111111111111,0.1111111111111111
8,9.0,38.0,0.0,0.0,59.0,0.7777777777777778,0.1111111111111111,0.0,0.1111111111111111
9,2.0,40.0,0.0,0.0,83.0,0.0,0.0,1.0,0.0
10,18.0,57.0,0.0,0.0,135.0,0.7222222222222222,0.05555555555555555,0.0,0.2222222222222222
11,19.0,69.0,0.0,0.0,218.0,0.7368421052631579,0.21052631578947367,0.05263157894736842,0.0
12,34.0,107.0,0.0,0.0,361.0,0.7058823529411765,0.14705882352941177,0.11764705882352941,0.029411764705882353
13,57.0,104.0,10.0,0.0,475.0,0.6666666666666666,0.21052631578947367,0.017543859649122806,0.10526315789473684
14,76.0,130.0,9.0,0.0,559.0,0.5921052631578947,0.2236842105263158,0.07894736842105263,0.10526315789473684
15,86.0,121.0,18.0,0.0,706.0,0.45882352941176474,0.10588235294117647,0.22352941176470587,0.21176470588235294
16,117.0,189.0,17.0,1.0,900.0,0.5932203389830508,0.17796610169491525,0.1271186440677966,0.1016949152542373
17,194.0,69.0,20.0,0.0,1084.0,0.634020618556701,0.0979381443298969,0.12886597938144329,0.13917525773195877
18,143.0,69.0,20.0,2.0,1236.0,0.5384615384615384,0.20279720279720279,0.13286713286713286,0.1258741258741259
19,235.0,100.0,26.0,3.0,1397.0,0.4273504273504274,0.2264957264957265,0.15384615384615385,0.19230769230769232
20,260.0,121.0,35.0,6.0,1520.0,0.4942528735632184,0.1532567049808429,0.1839080459770115,0.1685823754789272
21,320.0,128.0,41.0,2.0,1633.0,0.528125,0.2125,0.103125,0.15625
22,460.0,154.0,47.0,9.0,1875.0,0.46304347826086956,0.17173913043478262,0.17608695652173914,0.1891304347826087
23,302.0,155.0,48.0,10.0,2140.0,0.423841059602649,0.2052980132450331,0.17880794701986755,0.19205298013245034
24,633.0,215.0,61.0,10.0,2417.0,0.45813586097946285,0.1769352290679305,0.12006319115323855,0.24486571879936808
25,549.0,130.0,61.0,17.0,2825.0,0.5318761384335154,0.18579234972677597,0.1092896174863388,0.17304189435336975
26,724.0,283.0,71.0,16.0,3282.0,0.3972222222222222,0.19166666666666665,0.17916666666666664,0.2319444444444444
27,902.0,329.0,89.0,24.0,3707.0,0.46578366445916114,0.17218543046357615,0.1357615894039735,0.22626931567328917
28,792.0,348.0,138.0,19.0,3991.0,0.42676767676767674,0.19318181818181818,0.14393939393939395,0.2361111111111111
29,446.0,407.0,164.0,21.0,4361.0,0.4349775784753363,0.14798206278026907,0.11434977578475336,0.30269058295964124
30,1035.0,439.0,188.0,20.0,4646.0,0.4821256038647343,0.18937198067632852,0.12270531400966184,0.20579710144927535
31,808.0,496.0,230.0,27.0,4970.0,0.4245049504950495,0.1608910891089109,0.12995049504950495,0.28465346534653463
32,783.0,802.0,240.0,22.0,5223.0,0.4278416347381865,0.1966794380587484,0.12005108556832694,0.2554278416347382
33,852.0,813.0,245.0,37.0,5375.0,0.545774647887324,0.18309859154929578,0.11502347417840375,0.15610328638497653
34,638.0,824.0,251.0,20.0,5595.0,0.4780564263322884,0.19122257053291536,0.11128526645768025,0.219435736677116
35,754.0,817.0,267.0,29.0,5759.0,0.48673740053050396,0.16578249336870027,0.1259946949602122,0.22148541114058357
36,452.0,829.0,270.0,16.0,5893.0,0.415929203539823,0.14823008849557523,0.09734513274336283,0.33849557522123896
37,712.0,909.0,271.0,34.0,6151.0,0.4241573033707865,0.16292134831460675,0.11095505617977527,0.30196629213483145
38,699.0,966.0,245.0,35.0,6446.0,0.4949928469241774,0.19456366237482117,0.13733905579399142,0.17310443490701002
39,815.0,932.0,241.0,29.0,6728.0,0.38650306748466257,0.12883435582822086,0.08588957055214724,0.3987730061349693
40,1516.0,953.0,226.0,26.0,6800.0,0.4656992084432718,0.16820580474934038,0.11807387862796834,0.24802110817941952
41,515.0,942.0,233.0,35.0,6796.0,0.36699029126213595,0.1553398058252427,0.09902912621359224,0.3786407766990291
42,598.0,949.0,228.0,34.0,6649.0,0.4197324414715719,0.16555183946488294,0.10535117056856187,0.3093645484949833
43,349.0,999.0,188.0,31.0,6608.0,0.40974212034383956,0.14613180515759314,0.09455587392550144,0.3495702005730659
44,514.0,1009.0,218.0,32.0,6734.0,0.39299610894941633,0.16731517509727625,0.12062256809338522,0.31906614785992216
45,643.0,992.0,208.0,32.0,6924.0,0.48833592534992226,0.16329704510108864,0.1150855365474339,0.2332814930015552
46,750.0,1073.0,229.0,30.0,7047.0,0.5186666666666667,0.19466666666666665,0.10266666666666667,0.184
47,181.0,1062.0,222.0,28.0,7485.0,0.4198895027624309,0.14917127071823205,0.12154696132596685,0.30939226519337015
48,663.0,1025.0,228.0,30.0,7842.0,0.46003016591251883,0.17496229260935142,0.09954751131221719,0.2654600301659125
49,521.0,1019.0,224.0,27.0,8259.0,0.5028790786948176,0.1689059500959693,0.0710172744721689,0.2571976967370441
50,657.0,993.0,215.0,21.0,8468.0,0.6621004566210046,0.1095890410958904,0.0898021308980213,0.1385083713850837
51,516.0,959.0,213.0,27.0,8761.0,0.3081395348837209,0.17054263565891473,0.10465116279069768,0.4166666666666667
52,603.0,939.0,207.0,23.0,8944.0,0.5854063018242123,0.16417910447761194,0.10613598673300166,0.14427860696517414
53,371.0,891.0,204.0,35.0,9110.0,0.49595687331536387,0.1320754716981132,0.09703504043126684,0.2749326145552561
54,444.0,880.0,188.0,34.0,9119.0,0.4346846846846847,0.13963963963963963,0.14864864864864866,0.27702702702702703
55,474.0,854.0,186.0,26.0,9183.0,0.4873417721518987,0.16455696202531644,0.0970464135021097,0.2510548523206751
56,412.0,823.0,182.0,23.0,9061.0,0.4441747572815534,0.11407766990291263,0.0703883495145631,0.3713592233009709
57,163.0,819.0,176.0,25.0,9169.0,0.38650306748466257,0.15950920245398773,0.12883435582822086,0.32515337423312884
58,295.0,764.0,172.0,20.0,9226.0,0.4711864406779661,0.10508474576271186,0.12542372881355932,0.2983050847457627
59,183.0,811.0,169.0,25.0,9153.0,0.4371584699453552,0.19672131147540983,0.09836065573770492,0.2677595628415301
60,368.0,796.0,172.0,16.0,9275.0,0.5570652173913043,0.21739130434782608,0.002717391304347826,0.22282608695652173
61,295.0,738.0,154.0,18.0,9067.0,0.5661016949152542,0.17966101694915254,0.06440677966101695,0.18983050847457628
62,203.0,705.0,150.0,16.0,8788.0,0.5862068965517241,0.18719211822660098,0.07389162561576355,0.15270935960591134
63,92.0,712.0,144.0,20.0,8807.0,0.36363636363636365,0.2727272727272727,0.0,0.36363636363636365
64,242.0,670.0,143.0,20.0,8776.0,0.5572755417956656,0.18575851393188855,0.06501547987616099,0.19195046439628483
65,178.0,684.0,134.0,11.0,8838.0,0.3707865168539326,0.06179775280898876,0.1404494382022472,0.42696629213483145
66,480.0,702.0,136.0,15.0,8935.0,0.6645833333333333,0.18333333333333332,0.06875,0.08333333333333333
67,533.0,739.0,135.0,16.0,8896.0,0.651031894934334,0.1575984990619137,0.08630393996247655,0.1050656660412758
68,553.0,715.0,127.0,9.0,9163.0,0.5822784810126582,0.162748643761302,0.11392405063291139,0.1410488245931284
69,138.0,695.0,120.0,12.0,9449.0,0.4420289855072464,0.11594202898550725,0.14492753623188406,0.2971014492753623
70,175.0,685.0,112.0,9.0,9359.0,0.5942857142857143,0.2057142857142857,0.09714285714285714,0.10285714285714286
71,98.0,693.0,112.0,9.0,9442.0,0.46938775510204084,0.16326530612244897,0.08163265306122448,0.2857142857142857
72,234.0,596.0,113.0,19.0,9489.0,0.5982905982905983,0.1581196581196581,0.07264957264957266,0.17094017094017094
73,219.0,589.0,103.0,12.0,9726.0,0.6073059360730594,0.1643835616438356,0.0365296803652968,0.1917808219178082
74,187.0,572.0,108.0,9.0,9949.0,0.6042780748663101,0.24598930481283424,0.0427807486631016,0.10695187165775401
75,264.0,561.0,112.0,6.0,10452.0,0.6590909090909091,0.12121212121212122,0.07575757575757576,0.14393939393939395
76,227.0,542.0,115.0,13.0,10692.0,0.5770925110132159,0.17180616740088106,0.11013215859030837,0.14096916299559473
77,226.0,541.0,108.0,15.0,10834.0,0.6194690265486725,0.22123893805309736,0.061946902654867256,0.09734513274336283
78,173.0,523.0,105.0,13.0,10773.0,0.7052023121387283,0.1676300578034682,0.09248554913294797,0.03468208092485549
79,223.0,528.0,101.0,16.0,10730.0,0.6816143497757847,0.09417040358744394,0.09417040358744394,0.13004484304932734
80,228.0,516.0,93.0,16.0,10461.0,0.6885964912280702,0.15789473684210525,0.10526315789473684,0.04824561403508772
81,252.0,516.0,92.0,14.0,10171.0,0.6865079365079365,0.12301587301587301,0.1111111111111111,0.07936507936507936
82,288.0,492.0,84.0,12.0,9645.0,0.6597222222222222,0.11805555555555555,0.08333333333333333,0.1388888888888889
83,271.0,470.0,80.0,13.0,9139.0,0.6309963099630996,0.13284132841328414,0.1070110701107011,0.12915129151291513
84,152.0,458.0,78.0,14.0,8832.0,0.625,0.1513157894736842,0.13815789473684212,0.08552631578947369
85,165.0,459.0,72.0,14.0,8814.0,0.7090909090909091,0.13333333333333333,0.07272727272727272,0.08484848484848485
86,219.0,442.0,71.0,12.0,8708.0,0.6027397260273972,0.0776255707762557,0.1415525114155251,0.1780821917808219
87,285.0,444.0,66.0,14.0,8881.0,0.712280701754386,0.17543859649122806,0.08070175438596491,0.031578947368421054
88,304.0,447.0,65.0,13.0,9038.0,0.6776315789473685,0.13486842105263158,0.06907894736842106,0.11842105263157894
89,350.0,463.0,66.0,14.0,9130.0,0.6057142857142858,0.09714285714285714,0.06571428571428571,0.23142857142857143
90,257.0,451.0,63.0,13.0,9311.0,0.7042801556420234,0.14007782101167315,0.06614785992217899,0.08949416342412451
91,297.0,410.0,64.0,14.0,9382.0,0.7003367003367004,0.1414141414141414,0.07407407407407407,0.08417508417508418
92,200.0,407.0,64.0,14.0,9354.0,0.655,0.11,0.115,0.12
93,195.0,374.0,58.0,12.0,9406.0,0.693121693121693,0.1164021164021164,0.05291005291005291,0.13756613756613756
94,366.0,372.0,56.0,11.0,9406.0,0.6344086021505376,0.12365591397849462,0.056451612903225805,0.18548387096774194
95,331.0,387.0,58.0,8.0,9430.0,0.7401812688821753,0.16314199395770393,0.06948640483383686,0.027190332326283987
96,377.0,363.0,58.0,10.0,9350.0,0.7082228116710876,0.14588859416445624,0.09283819628647215,0.05305039787798409
97,382.0,357.0,57.0,9.0,9232.0,0.7486910994764397,0.12041884816753927,0.03926701570680628,0.09162303664921466
98,342.0,340.0,58.0,5.0,9239.0,0.663430420711974,0.14886731391585759,0.11003236245954691,0.07766990291262134
99,192.0,311.0,55.0,6.0,9197.0,0.6145833333333334,0.16145833333333334,0.11458333333333333,0.109375
100,421.0,329.0,65.0,7.0,8991.0,0.6220095693779905,0.15789473684210528,0.10047846889952154,0.1196172248803828
101,294.0,347.0,70.0,5.0,8066.0,0.6918032786885245,0.1377049180327869,0.10163934426229508,0.06885245901639345
102,310.0,345.0,70.0,7.0,6857.0,0.7281553398058253,0.13915857605177992,0.09385113268608414,0.038834951456310676
103,270.0,367.0,73.0,1.0,6430.0,0.7269372693726938,0.12915129151291513,0.08118081180811808,0.06273062730627306
104,283.0,351.0,77.0,7.0,6094.0,0.6219081272084805,0.13780918727915195,0.09540636042402827,0.14487632508833923
105,227.0,346.0,73.0,5.0,5913.0,0.7297297297297297,0.15765765765765766,0.04954954954954955,0.06306306306306306
106,346.0,358.0,73.0,3.0,5917.0,0.6239316239316239,0.13675213675213677,0.06837606837606838,0.17094017094017094
107,300.0,352.0,71.0,2.0,6038.0,0.6366666666666667,0.13,0.10333333333333333,0.13
108,336.0,366.0,69.0,1.0,6753.0,0.6309523809523809,0.19345238095238096,0.08630952380952381,0.08928571428571429
109,417.0,349.0,67.0,1.0,7621.0,0.672289156626506,0.11566265060240964,0.0746987951807229,0.13734939759036147
110,375.0,355.0,67.0,3.0,7990.0,0.6764705882352942,0.13368983957219252,0.11497326203208556,0.0748663101604278
111,377.0,352.0,70.0,1.0,8093.0,0.6763925729442971,0.11140583554376658,0.04774535809018567,0.16445623342175067
112,292.0,338.0,69.0,2.0,8277.0,0.7000000000000001,0.14482758620689656,0.06206896551724138,0.09310344827586207
113,259.0,352.0,72.0,4.0,8353.0,0.4728682170542636,0.06976744186046512,0.1317829457364341,0.3255813953488372
114,345.0,369.0,72.0,6.0,8462.0,0.6982758620689655,0.13218390804597702,0.07471264367816093,0.09482758620689655
115,367.0,356.0,73.0,3.0,8351.0,0.6219178082191781,0.12054794520547946,0.09315068493150686,0.1643835616438356
116,311.0,369.0,67.0,6.0,8340.0,0.7051282051282052,0.10897435897435898,0.05128205128205128,0.1346153846153846
117,451.0,390.0,67.0,6.0,8442.0,0.6119733924611973,0.10643015521064302,0.08869179600886919,0.19290465631929046
118,323.0,372.0,70.0,6.0,8570.0,0.6594427244582043,0.1238390092879257,0.10526315789473684,0.11145510835913312
119,457.0,383.0,75.0,3.0,8541.0,0.6441048034934498,0.11572052401746726,0.06550218340611354,0.17467248908296942
120,266.0,418.0,71.0,4.0,8591.0,0.7030075187969925,0.09774436090225563,0.05639097744360902,0.14285714285714285
121,259.0,418.0,73.0,8.0,8593.0,0.6395348837209303,0.12403100775193798,0.10852713178294573,0.12790697674418605
122,352.0,424.0,79.0,3.0,8839.0,0.6743515850144092,0.11239193083573486,0.11239193083573486,0.10086455331412103
123,378.0,433.0,77.0,8.0,9029.0,0.6746031746031746,0.10846560846560846,0.09259259259259259,0.12433862433862433
124,455.0,423.0,72.0,11.0,8946.0,0.621978021978022,0.10329670329670329,0.1054945054945055,0.16923076923076924
125,413.0,416.0,73.0,7.0,9193.0,0.6529126213592233,0.1262135922330097,0.08737864077669903,0.13349514563106796
126,328.0,431.0,73.0,9.0,9261.0,0.7064220183486238,0.09174311926605505,0.0764525993883792,0.1253822629969419
127,232.0,439.0,74.0,6.0,9228.0,0.6147186147186147,0.1471861471861472,0.09090909090909091,0.1471861471861472
128,287.0,435.0,76.0,9.0,9304.0,0.6585365853658537,0.11498257839721254,0.08710801393728224,0.13937282229965156
129,443.0,438.0,74.0,2.0,9375.0,0.6410835214446953,0.15349887133182843,0.06772009029345373,0.13769751693002258
130,418.0,414.0,73.0,13.0,9348.0,0.6267942583732058,0.14114832535885166,0.09330143540669857,0.13875598086124402
131,402.0,405.0,66.0,2.0,9435.0,0.7039800995024875,0.13930348258706468,0.07711442786069651,0.07960199004975124
132,342.0,391.0,68.0,8.0,9371.0,0.6950146627565982,0.13196480938416422,0.05571847507331378,0.11730205278592375
133,291.0,398.0,64.0,6.0,9330.0,0.6476868327402135,0.10320284697508897,0.1316725978647687,0.11743772241992884
134,306.0,404.0,63.0,2.0,9425.0,0.6568627450980392,0.14052287581699346,0.10457516339869281,0.09803921568627451
135,233.0,403.0,69.0,6.0,9576.0,0.6896551724137931,0.12931034482758622,0.09913793103448278,0.08189655172413794
136,375.0,410.0,68.0,8.0,9478.0,0.703804347826087,0.12771739130434784,0.06793478260869566,0.10054347826086957
137,339.0,404.0,72.0,3.0,9518.0,0.7062314540059348,0.11869436201780419,0.06231454005934719,0.11275964391691395
138,312.0,380.0,67.0,3.0,9543.0,0.7091503267973857,0.13398692810457516,0.06862745098039215,0.08823529411764706
139,313.0,387.0,65.0,2.0,9571.0,0.6485623003194888,0.13099041533546327,0.10223642172523961,0.1182108626198083
140,246.0,378.0,61.0,5.0,9659.0,0.6666666666666666,0.15040650406504066,0.08130081300813008,0.1016260162601626
141,135.0,393.0,61.0,2.0,9706.0,0.6222222222222222,0.11851851851851852,0.11851851851851852,0.14074074074074075
142,127.0,377.0,62.0,6.0,9606.0,0.6220472440944882,0.12598425196850394,0.11811023622047244,0.13385826771653545
143,252.0,380.0,59.0,5.0,9564.0,0.7171314741035857,0.09163346613545817,0.07569721115537849,0.11553784860557768
144,229.0,372.0,59.0,3.0,9572.0,0.6740088105726874,0.11453744493392072,0.0748898678414097,0.13656387665198239
145,313.0,368.0,52.0,7.0,9493.0,0.670926517571885,0.10862619808306709,0.09904153354632587,0.12140575079872204
146,263.0,360.0,50.0,4.0,9426.0,0.6996197718631179,0.11026615969581749,0.09885931558935361,0.09125475285171103
147,209.0,355.0,48.0,1.0,9318.0,0.6490384615384615,0.15384615384615385,0.07692307692307693,0.12019230769230768
148,135.0,369.0,45.0,2.0,9286.0,0.6814814814814815,0.13333333333333333,0.08888888888888889,0.0962962962962963
149,111.0,361.0,41.0,3.0,9261.0,0.5233644859813084,0.1308411214953271,0.1588785046728972,0.18691588785046728
150,203.0,360.0,43.0,3.0,9355.0,0.6965174129353233,0.1791044776119403,0.04975124378109453,0.07462686567164178
151,255.0,361.0,42.0,2.0,9256.0,0.6862745098039216,0.12156862745098039,0.08627450980392157,0.10588235294117647
152,204.0,340.0,41.0,8.0,9272.0,0.6534653465346535,0.12871287128712872,0.08415841584158415,0.13366336633663367
153,238.0,335.0,40.0,2.0,9303.0,0.6218487394957983,0.1134453781512605,0.09663865546218488,0.16806722689075632
154,153.0,337.0,41.0,1.0,9371.0,0.6993464052287581,0.12418300653594772,0.05228758169934641,0.12418300653594772
155,106.0,348.0,42.0,0.0,9467.0,0.6509433962264151,0.11320754716981132,0.09433962264150944,0.14150943396226415
156,112.0,357.0,44.0,1.0,9499.0,0.6363636363636364,0.07272727272727272,0.15454545454545454,0.13636363636363638
157,167.0,343.0,41.0,1.0,9543.0,0.6107784431137725,0.16766467065868262,0.11976047904191617,0.10179640718562874
158,213.0,327.0,42.0,3.0,9527.0,0.6056338028169014,0.14553990610328638,0.07981220657276995,0.16901408450704225
159,290.0,320.0,36.0,3.0,9481.0,0.5655172413793104,0.1206896551724138,0.07586206896551724,0.23793103448275862
160,186.0,324.0,33.0,4.0,9349.0,0.6827956989247311,0.10215053763440861,0.12903225806451613,0.08602150537634409
161,131.0,333.0,33.0,6.0,9471.0,0.6183206106870229,0.17557251908396945,0.0916030534351145,0.11450381679389313
162,157.0,345.0,29.0,3.0,9350.0,0.6942675159235668,0.15286624203821655,0.08280254777070063,0.07006369426751592
163,120.0,330.0,35.0,2.0,9333.0,0.6722689075630253,0.08403361344537816,0.06722689075630253,0.17647058823529413
164,278.0,327.0,40.0,3.0,9253.0,0.6298932384341637,0.11743772241992882,0.08896797153024912,0.16370106761565836
165,325.0,319.0,39.0,6.0,9274.0,0.5446153846153846,0.1476923076923077,0.09230769230769231,0.2153846153846154
166,235.0,307.0,41.0,2.0,9407.0,0.7923728813559322,0.08898305084745763,0.06779661016949153,0.05084745762711865
167,198.0,283.0,37.0,3.0,9390.0,0.7309644670050761,0.12182741116751268,0.07106598984771574,0.07614213197969544
168,121.0,286.0,39.0,3.0,9355.0,0.6033057851239669,0.15702479338842976,0.11570247933884298,0.12396694214876033
169,132.0,297.0,39.0,1.0,9480.0,0.6136363636363636,0.12121212121212122,0.11363636363636363,0.15151515151515152
170,214.0,298.0,38.0,5.0,9619.0,0.5233644859813084,0.16355140186915887,0.08411214953271028,0.22897196261682243
171,253.0,294.0,35.0,2.0,9666.0,0.6561264822134387,0.11857707509881422,0.08695652173913043,0.1383399209486166
172,291.0,295.0,39.0,2.0,9623.0,0.6288659793814433,0.12371134020618557,0.140893470790378,0.10652920962199312
173,219.0,280.0,41.0,4.0,9478.0,0.6712328767123288,0.1050228310502283,0.0958904109589041,0.1278538812785388
174,241.0,274.0,42.0,2.0,9564.0,0.6208333333333333,0.1375,0.10416666666666667,0.1375
175,145.0,270.0,47.0,2.0,9603.0,0.7379310344827587,0.12413793103448276,0.06206896551724138,0.07586206896551724
176,123.0,277.0,44.0,5.0,9557.0,0.6504065040650406,0.08943089430894309,0.08943089430894309,0.17073170731707318
177,192.0,284.0,41.0,4.0,9498.0,0.6354166666666666,0.09375,0.13020833333333334,0.140625
178,362.0,273.0,38.0,2.0,9454.0,0.5706371191135734,0.12742382271468145,0.11357340720221606,0.1883656509695291
179,397.0,282.0,35.0,2.0,9517.0,0.6591478696741855,0.11779448621553884,0.09273182957393483,0.13032581453634084
180,403.0,296.0,38.0,6.0,9695.0,0.6733167082294264,0.1645885286783042,0.08478802992518701,0.07730673316708228
181,374.0,284.0,40.0,3.0,9748.0,0.7192513368983957,0.12032085561497326,0.0855614973262032,0.0748663101604278
182,320.0,300.0,41.0,1.0,9733.0,0.6234177215189873,0.12658227848101267,0.06962025316455697,0.18037974683544306
183,244.0,308.0,41.0,3.0,9905.0,0.47950819672131145,0.1557377049180328,0.14344262295081966,0.22131147540983606
184,231.0,306.0,44.0,2.0,10003.0,0.6536796536796536,0.12987012987012986,0.09956709956709957,0.11688311688311688
185,390.0,296.0,41.0,3.0,10174.0,0.6410256410256411,0.1358974358974359,0.10256410256410256,0.12051282051282051
186,418.0,290.0,44.0,2.0,10385.0,0.6124401913875598,0.12200956937799043,0.12440191387559808,0.14114832535885166
187,406.0,299.0,40.0,4.0,10464.0,0.5960591133004927,0.15024630541871922,0.08620689655172414,0.16748768472906403
188,486.0,304.0,41.0,5.0,10646.0,0.6522633744855967,0.11522633744855967,0.10493827160493827,0.12757201646090535
189,315.0,311.0,43.0,2.0,10765.0,0.5714285714285714,0.12380952380952381,0.08888888888888889,0.21587301587301588
190,249.0,332.0,49.0,3.0,10767.0,0.6157205240174672,0.12227074235807861,0.12663755458515283,0.13537117903930132
191,388.0,344.0,50.0,3.0,10977.0,0.5736434108527131,0.14728682170542634,0.13695090439276483,0.1421188630490956
192,646.0,339.0,52.0,3.0,11326.0,0.6501547987616099,0.13312693498452013,0.09907120743034056,0.11764705882352941
193,585.0,349.0,57.0,3.0,11599.0,0.6389380530973452,0.1504424778761062,0.11681415929203541,0.09380530973451327
194,687.0,350.0,54.0,3.0,12067.0,0.6239067055393587,0.14577259475218662,0.1078717201166181,0.12244897959183676
195,497.0,379.0,59.0,5.0,12320.0,0.6539235412474849,0.1448692152917505,0.09859154929577464,0.10261569416498995
196,673.0,395.0,57.0,7.0,12573.0,0.6706408345752608,0.09388971684053651,0.05961251862891208,0.1758569299552906
197,613.0,416.0,61.0,4.0,12934.0,0.634584013050571,0.16639477977161501,0.09787928221859707,0.10114192495921696
198,425.0,419.0,59.0,4.0,13188.0,0.5952941176470589,0.11058823529411765,0.11529411764705882,0.17882352941176471
199,605.0,421.0,61.0,3.0,13396.0,0.6355785837651123,0.15889464594127808,0.10535405872193436,0.1001727115716753
200,770.0,421.0,59.0,10.0,13564.0,0.6710182767624021,0.15013054830287206,0.08224543080939947,0.09660574412532637
201,780.0,408.0,57.0,6.0,13547.0,0.6102756892230576,0.14786967418546365,0.11027568922305764,0.13157894736842105
202,849.0,433.0,64.0,5.0,13513.0,0.6662763466042154,0.1451990632318501,0.09484777517564402,0.0936768149882904
203,552.0,448.0,63.0,13.0,13416.0,0.6071428571428571,0.13157894736842105,0.09774436090225562,0.16353383458646611
204,623.0,457.0,61.0,8.0,13463.0,0.6993569131832797,0.12218649517684887,0.07234726688102894,0.10610932475884245
205,463.0,476.0,70.0,5.0,13473.0,0.5944206008583691,0.12875536480686695,0.1223175965665236,0.15450643776824036
206,802.0,494.0,77.0,3.0,13367.0,0.6201743462017435,0.1382316313823163,0.08841843088418432,0.15317559153175592
207,691.0,503.0,85.0,3.0,13332.0,0.5971014492753624,0.15797101449275364,0.10434782608695652,0.14057971014492754
208,899.0,538.0,86.0,5.0,13540.0,0.6270810210876804,0.1564927857935627,0.09988901220865705,0.11653718091009989
209,884.0,530.0,85.0,8.0,13642.0,0.6108597285067874,0.12669683257918551,0.08257918552036199,0.17986425339366516
210,665.0,546.0,89.0,9.0,13673.0,0.6575562700964631,0.1334405144694534,0.09324758842443731,0.11575562700964631
211,425.0,561.0,98.0,4.0,13709.0,0.6549295774647887,0.11737089201877934,0.08685446009389672,0.14084507042253522
212,688.0,562.0,99.0,6.0,13974.0,0.6284470246734397,0.11465892597968069,0.09143686502177069,0.16545718432510886
213,825.0,561.0,105.0,8.0,14318.0,0.6351515151515151,0.1393939393939394,0.08727272727272728,0.13818181818181818
214,854.0,575.0,107.0,6.0,14628.0,0.6269185360094451,0.12750885478158205,0.09445100354191263,0.1511216056670602
215,888.0,575.0,107.0,6.0,14672.0,0.616685456595265,0.13754227733934613,0.0947012401352875,0.15107102593010147
216,963.0,562.0,106.0,12.0,14708.0,0.6259143155694881,0.12852664576802508,0.09508881922675028,0.15047021943573669
217,904.0,577.0,105.0,10.0,14754.0,0.5951595159515951,0.1496149614961496,0.09020902090209021,0.16501650165016502
218,734.0,595.0,106.0,13.0,13932.0,0.6057298772169168,0.14597544338335608,0.11186903137789905,0.13642564802182813
219,427.0,628.0,104.0,14.0,13606.0,0.6370023419203747,0.14285714285714285,0.08899297423887588,0.13114754098360656
220,944.0,660.0,104.0,8.0,13894.0,0.625,0.1271186440677966,0.11334745762711865,0.13453389830508475
221,1278.0,686.0,115.0,10.0,14206.0,0.6541471048513302,0.13771517996870108,0.09702660406885759,0.1111111111111111
222,1394.0,686.0,125.0,12.0,14619.0,0.6762383345297918,0.1407035175879397,0.0933237616654702,0.08973438621679829
223,1646.0,709.0,122.0,5.0,14958.0,0.6540312876052948,0.13898916967509026,0.0950661853188929,0.11191335740072202
224,1090.0,719.0,124.0,13.0,15111.0,0.617998163452709,0.14049586776859505,0.08356290174471992,0.15794306703397612
225,1249.0,749.0,128.0,14.0,16233.0,0.6677341873498799,0.11609287429943956,0.08006405124099279,0.13610888710968774
226,1208.0,784.0,132.0,16.0,17032.0,0.6162117452440034,0.14971050454921422,0.1000827129859388,0.13399503722084366
227,2072.0,822.0,135.0,7.0,17310.0,0.6460945033751205,0.14223722275795564,0.0935390549662488,0.11812921890067503
228,2101.0,854.0,139.0,11.0,17641.0,0.6796577946768061,0.13403041825095058,0.08127376425855513,0.10503802281368821
229,2608.0,871.0,144.0,21.0,17994.0,0.6128048780487805,0.13833841463414634,0.09108231707317073,0.15777439024390244
230,2153.0,864.0,148.0,13.0,18250.0,0.6471408647140865,0.1399349139934914,0.10134821013482101,0.11157601115760112
231,1856.0,931.0,155.0,19.0,18410.0,0.6514008620689655,0.14547413793103448,0.09967672413793104,0.10344827586206896
232,1949.0,1009.0,165.0,17.0,18740.0,0.6506639427987743,0.1557711950970378,0.10010214504596528,0.09346271705822268
233,1876.0,1061.0,176.0,15.0,18992.0,0.6368,0.14293333333333336,0.09226666666666668,0.128
234,2535.0,1085.0,187.0,16.0,19178.0,0.6466640347414133,0.14725621792341095,0.09790761942360837,0.1081721279115673
235,3270.0,1165.0,200.0,16.0,19345.0,0.6299694189602446,0.1489296636085627,0.08623853211009175,0.13486238532110092
236,2899.0,1220.0,198.0,31.0,19454.0,0.6311787072243347,0.13861043899066713,0.10127894918769444,0.12893190459730383
237,3669.0,1234.0,221.0,21.0,19664.0,0.6445964432284541,0.14008207934336525,0.08864569083447332,0.12667578659370723
238,2577.0,1344.0,230.0,19.0,19892.0,0.6472189809412681,0.15013613380007781,0.09179307662388178,0.1108518086347725
239,2447.0,1432.0,240.0,27.0,20039.0,0.6479967293540474,0.16107931316434995,0.08912510220768602,0.1017988552739166
240,3299.0,1494.0,253.0,28.0,20243.0,0.6317065777508336,0.15095483479842375,0.08699605941194301,0.13034252803879964
241,3960.0,1532.0,262.0,24.0,20492.0,0.6231371558474362,0.14624905279110886,0.09295276584996212,0.1376610255114928
242,4224.0,1565.0,269.0,33.0,20916.0,0.6362346263008515,0.13978240302743614,0.09768211920529801,0.12630085146641437
243,4656.0,1652.0,275.0,40.0,21399.0,0.6472484952708513,0.14638865004299226,0.09006878761822872,0.11629406706792779
244,4007.0,1686.0,286.0,39.0,21958.0,0.6264037933616172,0.13800848515098577,0.0953331669578238,0.14025455452957325
245,3062.0,1838.0,284.0,37.0,22460.0,0.5466321243523315,0.17283493708364175,0.12139156180606958,0.15914137675795706
246,2506.0,1961.0,294.0,46.0,22674.0,0.6475924633635729,0.11723656664340544,0.09106769016050244,0.1441032798325192
247,2596.0,2029.0,320.0,45.0,23192.0,0.6086286594761171,0.14329738058551617,0.09668721109399075,0.15138674884437597
248,7497.0,2012.0,325.0,59.0,23696.0,0.6650213447171824,0.15675026680896476,0.08644610458911418,0.09178228388473852
249,4410.0,2042.0,320.0,46.0,24162.0,0.6319491717721807,0.1547538007714999,0.08668028137054686,0.12661674608577264
250,5550.0,2085.0,340.0,52.0,24543.0,0.6505583012996521,0.15101592531576055,0.09335529928610653,0.10507047409848068
251,6640.0,2054.0,366.0,56.0,24723.0,0.6291460303166742,0.16133873630496773,0.08464655560558307,0.12486867777277502
252,5784.0,2144.0,378.0,48.0,24676.0,0.6396474248185274,0.1614241272035949,0.08797096439681991,0.11095748358105773
253,4096.0,2260.0,391.0,63.0,24958.0,0.6272927366104182,0.14184397163120568,0.09073123012961604,0.1401320616287601
254,3817.0,2360.0,382.0,62.0,24923.0,0.606282722513089,0.14764397905759163,0.10287958115183246,0.14319371727748692
255,4935.0,2394.0,391.0,82.0,25121.0,0.639918946301925,0.14407294832826747,0.09422492401215805,0.12178318135764944
256,5839.0,2411.0,383.0,78.0,25354.0,0.6325342465753425,0.14948630136986302,0.0863013698630137,0.13167808219178082
257,6653.0,2411.0,388.0,69.0,26037.0,0.6537595677622693,0.14873180249137025,0.090049527239982,0.10745910250637851
258,6602.0,2385.0,413.0,55.0,26073.0,0.6466666666666666,0.14469696969696969,0.09106060606060605,0.11757575757575758
259,6035.0,2514.0,415.0,76.0,26169.0,0.5955260977630489,0.15062137531068764,0.09693454846727423,0.15691797845898922
260,8371.0,2614.0,426.0,91.0,26572.0,0.6167222486898524,0.1669842782277275,0.10385898046688899,0.1124344926155312
261,4452.0,2597.0,431.0,81.0,26982.0,0.5963910461397898,0.1477843764275925,0.10895386021014163,0.14687071722247602
262,5891.0,2619.0,432.0,79.0,27479.0,0.6143790849673203,0.15806673546611627,0.09735122119023049,0.13020295837633297
263,6994.0,2559.0,458.0,69.0,27788.0,0.6370188842439095,0.15539858728557013,0.09932247369179761,0.10826005477872279
264,6489.0,2598.0,481.0,61.0,27497.0,0.6365333748249572,0.14330169597012604,0.0995798973082309,0.12058503189668585
265,6472.0,2540.0,485.0,62.0,27596.0,0.6142124086456229,0.15736277406313173,0.09982895350645313,0.12859586378479243
266,4788.0,2660.0,491.0,73.0,27889.0,0.6025316455696202,0.15000000000000002,0.10464135021097047,0.14282700421940928
267,4044.0,2743.0,498.0,74.0,27533.0,0.6061401207032275,0.1558646024665442,0.10181054841249017,0.13618472841773813
268,3919.0,2769.0,506.0,85.0,27738.0,0.6409180651530109,0.14461994076999013,0.09131293188548864,0.12314906219151037
269,5290.0,2734.0,517.0,71.0,27530.0,0.6228101537361459,0.14551304969610296,0.10064354665713264,0.13103324991061852
270,6383.0,2676.0,516.0,82.0,27261.0,0.6070469798657719,0.15151006711409398,0.11107382550335572,0.13036912751677854
271,5444.0,2682.0,526.0,67.0,27116.0,0.6254470167513646,0.13608130999435347,0.09956709956709957,0.1389045736871824
272,4868.0,2626.0,529.0,87.0,26812.0,0.5886308068459658,0.15810920945395274,0.09963325183374083,0.15362673186634065
273,4093.0,2709.0,536.0,64.0,25918.0,0.6143630103295622,0.1441219872110182,0.09911460895228727,0.14240039350713232
274,3262.0,2817.0,525.0,78.0,25767.0,0.5895684570009313,0.13629307668425952,0.10058987891959018,0.17354858739521886
275,2401.0,2754.0,521.0,72.0,23506.0,0.5628415300546448,0.15174443043295502,0.1126523749474569,0.17276166456494324
276,3384.0,2813.0,525.0,68.0,22580.0,0.6341463414634146,0.14336704342653184,0.08982748364069007,0.13265913146936348
277,3772.0,2805.0,525.0,79.0,22482.0,0.5924910934502604,0.1529186078377638,0.07810359002466431,0.17648670868731162
278,4935.0,2769.0,526.0,79.0,22317.0,0.608346709470305,0.14125200642054575,0.10934991974317818,0.1410513643659711
279,6087.0,2712.0,517.0,73.0,21945.0,0.6333459787556904,0.13524279210925644,0.09180576631259484,0.13960546282245828
280,3834.0,2754.0,514.0,87.0,21832.0,0.5849156118143459,0.1363396624472574,0.09361814345991562,0.185126582278481
281,2597.0,2854.0,513.0,78.0,22093.0,0.5703761147731679,0.13377278014734392,0.09654905001938736,0.19930205506010082
282,2905.0,2764.0,499.0,81.0,22283.0,0.5396935933147633,0.15424791086350975,0.10863509749303621,0.1974233983286908
283,4097.0,2828.0,504.0,70.0,22004.0,0.5843550760176557,0.14713094654242276,0.09686120647376165,0.17165277096615988
284,3134.0,2795.0,509.0,86.0,21812.0,0.6536664856056491,0.12145573058120587,0.08191200434546442,0.1429657794676806
285,5080.0,2723.0,507.0,95.0,21419.0,0.5942114589486119,0.14333530222484742,0.10061035636936405,0.16184288245717662
286,4413.0,2590.0,503.0,88.0,21418.0,0.606705935659266,0.14680561848663343,0.09356592659719076,0.15292251925690983
287,4044.0,2644.0,513.0,98.0,21575.0,0.6001483679525222,0.14638971315529178,0.09693372898120672,0.15652818991097922
288,2194.0,2741.0,513.0,90.0,21356.0,0.5711030082041932,0.1440291704649043,0.09890610756608934,0.18596171376481313
289,2638.0,2700.0,506.0,84.0,22900.0,0.5759182127981826,0.145399469897766,0.10639909125331314,0.17228322605073837
290,4720.0,2695.0,486.0,82.0,23659.0,0.5930084745762711,0.1440677966101695,0.10889830508474577,0.15402542372881356
291,4320.0,2648.0,494.0,87.0,23743.0,0.5812876331635016,0.143121815655396,0.10375173691523853,0.17183881426586384
292,4336.0,2577.0,484.0,75.0,24145.0,0.5638837638376384,0.15498154981549817,0.11162361623616236,0.1695110701107011
293,3835.0,2488.0,485.0,86.0,24510.0,0.58365961889846,0.14748107543722266,0.09840772644218221,0.17045157922213525
294,3334.0,2544.0,483.0,71.0,24606.0,0.587882423515297,0.14727054589082184,0.09988002399520096,0.16496700659868027
295,2099.0,2656.0,502.0,57.0,25370.0,0.5724499523355576,0.14537654909437558,0.10915157292659676,0.17302192564346996
296,2436.0,2587.0,508.0,63.0,26458.0,0.569376026272578,0.1539408866995074,0.11781609195402298,0.15886699507389163
297,4602.0,2479.0,511.0,89.0,28115.0,0.5786614515428075,0.15167318557149065,0.10060843111690569,0.1690569317687962
298,4378.0,2348.0,505.0,70.0,27234.0,0.5798492117888965,0.1448480694539639,0.11034955448937629,0.16495316426776332
299,4146.0,2250.0,504.0,65.0,23860.0,0.5945489628557646,0.1464061746261457,0.10130246020260492,0.1577424023154848
300,1214.0,2277.0,513.0,78.0,22719.0,0.5766062602965404,0.15321252059308071,0.11779242174629324,0.15238879736408567
301,1577.0,2366.0,504.0,63.0,22628.0,0.5928979074191503,0.15599239061509196,0.10716550412175016,0.1439441978440076
302,2093.0,2464.0,503.0,58.0,21998.0,0.5913001912045889,0.15248565965583175,0.1008604206500956,0.15535372848948376
303,3336.0,2444.0,486.0,74.0,21192.0,0.60431654676259,0.1567745803357314,0.11480815347721822,0.12410071942446044
304,6049.0,2409.0,487.0,79.0,19761.0,0.6660707901322845,0.08848766535573829,0.1026099392205935,0.14283160529138364
305,7627.0,2358.0,482.0,76.0,20061.0,0.5728792569659443,0.19405572755417957,0.08804953560371517,0.14501547987616098
