model,t,date,Rt,R0
seq_m1,0,01-Mar-2020,2.739018,2.739100
seq_m1,1,02-Mar-2020,2.739006,2.739100
seq_m1,2,03-Mar-2020,2.738992,2.739100
seq_m1,3,04-Mar-2020,2.738976,2.739100
seq_m1,4,05-Mar-2020,2.738958,2.739100
seq_m1,5,06-Mar-2020,2.738937,2.739100
seq_m1,6,07-Mar-2020,2.738914,2.739100
seq_m1,7,08-Mar-2020,2.738887,2.739100
seq_m1,8,09-Mar-2020,2.738858,2.739100
seq_m1,9,10-Mar-2020,2.738825,2.739100
seq_m1,10,11-Mar-2020,2.738788,2.739100
seq_m1,11,12-Mar-2020,2.738747,2.739100
seq_m1,12,13-Mar-2020,2.738701,2.739100
seq_m1,13,14-Mar-2020,2.738649,2.739100
seq_m1,14,15-Mar-2020,2.738591,2.739100
seq_m1,15,16-Mar-2020,2.738527,2.739100
seq_m1,16,17-Mar-2020,2.738455,2.739100
seq_m1,17,18-Mar-2020,2.738375,2.739100
seq_m1,18,19-Mar-2020,2.738285,2.739100
seq_m1,19,20-Mar-2020,2.738184,2.739100
seq_m1,20,21-Mar-2020,2.738072,2.739100
seq_m1,21,22-Mar-2020,2.737946,2.739100
seq_m1,22,23-Mar-2020,2.737806,2.739100
seq_m1,23,24-Mar-2020,2.737649,2.739100
seq_m1,24,25-Mar-2020,2.737474,2.739100
seq_m1,25,26-Mar-2020,2.737278,2.739100
seq_m1,26,27-Mar-2020,2.737059,2.739100
seq_m1,27,28-Mar-2020,2.736814,2.739100
seq_m1,28,29-Mar-2020,2.736541,2.739100
seq_m1,29,30-Mar-2020,2.736235,2.739100
seq_m1,30,31-Mar-2020,2.735894,2.739100
seq_m1,31,01-Apr-2020,0.680208,0.681100
seq_m1,32,02-Apr-2020,0.680182,0.681100
seq_m1,33,03-Apr-2020,0.680154,0.681100
seq_m1,34,04-Apr-2020,0.680124,0.681100
seq_m1,35,05-Apr-2020,0.680094,0.681100
seq_m1,36,06-Apr-2020,0.680064,0.681100
seq_m1,37,07-Apr-2020,0.680034,0.681100
seq_m1,38,08-Apr-2020,0.680004,0.681100
seq_m1,39,09-Apr-2020,0.679975,0.681100
seq_m1,40,10-Apr-2020,0.679946,0.681100
seq_m1,41,11-Apr-2020,0.679918,0.681100
seq_m1,42,12-Apr-2020,0.679890,0.681100
seq_m1,43,13-Apr-2020,0.679863,0.681100
seq_m1,44,14-Apr-2020,0.679837,0.681100
seq_m1,45,15-Apr-2020,0.679812,0.681100
seq_m1,46,16-Apr-2020,0.679788,0.681100
seq_m1,47,17-Apr-2020,0.679764,0.681100
seq_m1,48,18-Apr-2020,0.679741,0.681100
seq_m1,49,19-Apr-2020,0.679718,0.681100
seq_m1,50,20-Apr-2020,0.679696,0.681100
seq_m1,51,21-Apr-2020,0.679675,0.681100
seq_m1,52,22-Apr-2020,0.679655,0.681100
seq_m1,53,23-Apr-2020,0.679635,0.681100
seq_m1,54,24-Apr-2020,0.679616,0.681100
seq_m1,55,25-Apr-2020,0.679597,0.681100
seq_m1,56,26-Apr-2020,0.679579,0.681100
seq_m1,57,27-Apr-2020,0.679561,0.681100
seq_m1,58,28-Apr-2020,0.679544,0.681100
seq_m1,59,29-Apr-2020,0.679528,0.681100
seq_m1,60,30-Apr-2020,0.679511,0.681100
seq_m1,61,01-May-2020,0.679496,0.681100
seq_m1,62,02-May-2020,0.679481,0.681100
seq_m1,63,03-May-2020,0.679466,0.681100
seq_m1,64,04-May-2020,0.679452,0.681100
seq_m1,65,05-May-2020,0.679438,0.681100
seq_m1,66,06-May-2020,0.679425,0.681100
seq_m1,67,07-May-2020,0.679412,0.681100
seq_m1,68,08-May-2020,0.679399,0.681100
seq_m1,69,09-May-2020,0.679387,0.681100
seq_m1,70,10-May-2020,1.027092,1.029700
seq_m1,71,11-May-2020,1.027066,1.029700
seq_m1,72,12-May-2020,1.027040,1.029700
seq_m1,73,13-May-2020,1.027015,1.029700
seq_m1,74,14-May-2020,1.026990,1.029700
seq_m1,75,15-May-2020,1.026965,1.029700
seq_m1,76,16-May-2020,1.026941,1.029700
seq_m1,77,17-May-2020,1.026916,1.029700
seq_m1,78,18-May-2020,1.026891,1.029700
seq_m1,79,19-May-2020,1.026867,1.029700
seq_m1,80,20-May-2020,1.026842,1.029700
seq_m1,81,21-May-2020,1.026818,1.029700
seq_m1,82,22-May-2020,1.026793,1.029700
seq_m1,83,23-May-2020,1.026768,1.029700
seq_m1,84,24-May-2020,1.026743,1.029700
seq_m1,85,25-May-2020,1.026719,1.029700
seq_m1,86,26-May-2020,1.026694,1.029700
seq_m1,87,27-May-2020,1.026669,1.029700
seq_m1,88,28-May-2020,1.026644,1.029700
seq_m1,89,29-May-2020,1.026619,1.029700
seq_m1,90,30-May-2020,1.026594,1.029700
seq_m1,91,31-May-2020,1.026568,1.029700
seq_m1,92,01-Jun-2020,1.026543,1.029700
seq_m1,93,02-Jun-2020,1.026518,1.029700
seq_m1,94,03-Jun-2020,1.026493,1.029700
seq_m1,95,04-Jun-2020,1.026467,1.029700
seq_m1,96,05-Jun-2020,1.026442,1.029700
seq_m1,97,06-Jun-2020,1.026416,1.029700
seq_m1,98,07-Jun-2020,1.026391,1.029700
seq_m1,99,08-Jun-2020,1.026365,1.029700
seq_m1,100,09-Jun-2020,1.026339,1.029700
seq_m1,101,10-Jun-2020,1.026314,1.029700
seq_m1,102,11-Jun-2020,1.026288,1.029700
seq_m1,103,12-Jun-2020,1.026262,1.029700
seq_m1,104,13-Jun-2020,1.026236,1.029700
seq_m1,105,14-Jun-2020,1.026210,1.029700
seq_m1,106,15-Jun-2020,1.026184,1.029700
seq_m1,107,16-Jun-2020,1.026158,1.029700
seq_m1,108,17-Jun-2020,1.026132,1.029700
seq_m1,109,18-Jun-2020,1.026106,1.029700
seq_m1,110,19-Jun-2020,1.026079,1.029700
seq_m1,111,20-Jun-2020,1.026053,1.029700
seq_m1,112,21-Jun-2020,1.026027,1.029700
seq_m1,113,22-Jun-2020,1.026000,1.029700
seq_m1,114,23-Jun-2020,1.025974,1.029700
seq_m1,115,24-Jun-2020,1.025947,1.029700
seq_m1,116,25-Jun-2020,1.025921,1.029700
seq_m1,117,26-Jun-2020,1.025894,1.029700
seq_m1,118,27-Jun-2020,1.025867,1.029700
seq_m1,119,28-Jun-2020,1.025840,1.029700
seq_m1,120,29-Jun-2020,1.025814,1.029700
seq_m1,121,30-Jun-2020,1.025787,1.029700
seq_m1,122,01-Jul-2020,1.025760,1.029700
seq_m1,123,02-Jul-2020,1.025733,1.029700
seq_m1,124,03-Jul-2020,1.025706,1.029700
seq_m1,125,04-Jul-2020,1.025678,1.029700
seq_m1,126,05-Jul-2020,1.025651,1.029700
seq_m1,127,06-Jul-2020,1.025624,1.029700
seq_m1,128,07-Jul-2020,1.025597,1.029700
seq_m1,129,08-Jul-2020,1.025569,1.029700
seq_m1,130,09-Jul-2020,1.025542,1.029700
seq_m1,131,10-Jul-2020,1.025514,1.029700
seq_m1,132,11-Jul-2020,1.025487,1.029700
seq_m1,133,12-Jul-2020,1.025459,1.029700
seq_m1,134,13-Jul-2020,1.025431,1.029700
seq_m1,135,14-Jul-2020,1.025404,1.029700
seq_m1,136,15-Jul-2020,1.025376,1.029700
seq_m1,137,16-Jul-2020,1.025348,1.029700
seq_m1,138,17-Jul-2020,1.025320,1.029700
seq_m1,139,18-Jul-2020,1.025292,1.029700
seq_m1,140,19-Jul-2020,1.025264,1.029700
seq_m1,141,20-Jul-2020,1.025236,1.029700
seq_m1,142,21-Jul-2020,1.025208,1.029700
seq_m1,143,22-Jul-2020,1.025180,1.029700
seq_m1,144,23-Jul-2020,1.025151,1.029700
seq_m1,145,24-Jul-2020,1.025123,1.029700
seq_m1,146,25-Jul-2020,1.025095,1.029700
seq_m1,147,26-Jul-2020,1.025066,1.029700
seq_m1,148,27-Jul-2020,1.025038,1.029700
seq_m1,149,28-Jul-2020,1.025009,1.029700
seq_m1,150,29-Jul-2020,1.024980,1.029700
seq_m1,151,30-Jul-2020,1.024952,1.029700
seq_m1,152,31-Jul-2020,1.024923,1.029700
seq_m1,153,01-Aug-2020,1.024894,1.029700
seq_m1,154,02-Aug-2020,1.024865,1.029700
seq_m1,155,03-Aug-2020,1.024836,1.029700
seq_m1,156,04-Aug-2020,1.024807,1.029700
seq_m1,157,05-Aug-2020,1.024778,1.029700
seq_m1,158,06-Aug-2020,1.024749,1.029700
seq_m1,159,07-Aug-2020,1.024720,1.029700
seq_m1,160,08-Aug-2020,1.024691,1.029700
seq_m1,161,09-Aug-2020,1.024661,1.029700
seq_m1,162,10-Aug-2020,1.024632,1.029700
seq_m1,163,11-Aug-2020,1.024602,1.029700
seq_m1,164,12-Aug-2020,1.024573,1.029700
seq_m1,165,13-Aug-2020,1.024543,1.029700
seq_m1,166,14-Aug-2020,1.024514,1.029700
seq_m1,167,15-Aug-2020,1.024484,1.029700
seq_m1,168,16-Aug-2020,1.024454,1.029700
seq_m1,169,17-Aug-2020,1.024424,1.029700
seq_m1,170,18-Aug-2020,1.024395,1.029700
seq_m1,171,19-Aug-2020,1.024365,1.029700
seq_m1,172,20-Aug-2020,1.024335,1.029700
seq_m1,173,21-Aug-2020,1.024305,1.029700
seq_m1,174,22-Aug-2020,1.024274,1.029700
seq_m1,175,23-Aug-2020,1.024244,1.029700
seq_m1,176,24-Aug-2020,1.024214,1.029700
seq_m1,177,25-Aug-2020,1.024184,1.029700
seq_m1,178,26-Aug-2020,1.024153,1.029700
seq_m1,179,27-Aug-2020,1.024123,1.029700
seq_m1,180,28-Aug-2020,1.024092,1.029700
seq_m1,181,29-Aug-2020,1.024062,1.029700
seq_m1,182,30-Aug-2020,1.024031,1.029700
seq_m1,183,31-Aug-2020,1.024001,1.029700
seq_m1,184,01-Sep-2020,1.023970,1.029700
seq_m1,185,02-Sep-2020,1.023939,1.029700
seq_m1,186,03-Sep-2020,1.023908,1.029700
seq_m1,187,04-Sep-2020,1.023877,1.029700
seq_m1,188,05-Sep-2020,1.023846,1.029700
seq_m1,189,06-Sep-2020,1.023815,1.029700
seq_m1,190,07-Sep-2020,1.023784,1.029700
seq_m1,191,08-Sep-2020,1.023753,1.029700
seq_m1,192,09-Sep-2020,1.023722,1.029700
seq_m1,193,10-Sep-2020,1.023690,1.029700
seq_m1,194,11-Sep-2020,1.023659,1.029700
seq_m1,195,12-Sep-2020,1.023627,1.029700
seq_m1,196,13-Sep-2020,1.023596,1.029700
seq_m1,197,14-Sep-2020,1.750010,1.760500
seq_m1,198,15-Sep-2020,1.749917,1.760500
seq_m1,199,16-Sep-2020,1.749823,1.760500
seq_m1,200,17-Sep-2020,1.749726,1.760500
seq_m1,201,18-Sep-2020,1.749625,1.760500
seq_m1,202,19-Sep-2020,1.749519,1.760500
seq_m1,203,20-Sep-2020,1.749408,1.760500
seq_m1,204,21-Sep-2020,1.749292,1.760500
seq_m1,205,22-Sep-2020,1.749169,1.760500
seq_m1,206,23-Sep-2020,1.749039,1.760500
seq_m1,207,24-Sep-2020,1.748903,1.760500
seq_m1,208,25-Sep-2020,1.748758,1.760500
seq_m1,209,26-Sep-2020,1.748605,1.760500
seq_m1,210,27-Sep-2020,1.748444,1.760500
seq_m1,211,28-Sep-2020,1.748274,1.760500
seq_m1,212,29-Sep-2020,1.748094,1.760500
seq_m1,213,30-Sep-2020,1.747903,1.760500
seq_m1,214,01-Oct-2020,1.747702,1.760500
seq_m1,215,02-Oct-2020,1.747490,1.760500
seq_m1,216,03-Oct-2020,1.747265,1.760500
seq_m1,217,04-Oct-2020,1.747028,1.760500
seq_m1,218,05-Oct-2020,1.746778,1.760500
seq_m1,219,06-Oct-2020,1.746513,1.760500
seq_m1,220,07-Oct-2020,1.746233,1.760500
seq_m1,221,08-Oct-2020,1.745938,1.760500
seq_m1,222,09-Oct-2020,1.745626,1.760500
seq_m1,223,10-Oct-2020,1.745296,1.760500
seq_m1,224,11-Oct-2020,1.744948,1.760500
seq_m1,225,12-Oct-2020,1.744580,1.760500
seq_m1,226,13-Oct-2020,1.744191,1.760500
seq_m1,227,14-Oct-2020,1.743780,1.760500
seq_m1,228,15-Oct-2020,1.743347,1.760500
seq_m1,229,16-Oct-2020,1.742889,1.760500
seq_m1,230,17-Oct-2020,1.742405,1.760500
seq_m1,231,18-Oct-2020,1.741894,1.760500
seq_m1,232,19-Oct-2020,1.741354,1.760500
seq_m1,233,20-Oct-2020,1.740784,1.760500
seq_m1,234,21-Oct-2020,1.740183,1.760500
seq_m1,235,22-Oct-2020,1.739547,1.760500
seq_m1,236,23-Oct-2020,1.738877,1.760500
seq_m1,237,24-Oct-2020,1.738168,1.760500
seq_m1,238,25-Oct-2020,1.737420,1.760500
seq_m1,239,26-Oct-2020,1.736631,1.760500
seq_m1,240,27-Oct-2020,1.735798,1.760500
seq_m1,241,28-Oct-2020,1.734918,1.760500
seq_m1,242,29-Oct-2020,1.733990,1.760500
seq_m1,243,30-Oct-2020,1.733010,1.760500
seq_m1,244,31-Oct-2020,1.731977,1.760500
seq_m1,245,01-Nov-2020,1.730886,1.760500
seq_m1,246,02-Nov-2020,1.729735,1.760500
seq_m1,247,03-Nov-2020,1.728521,1.760500
seq_m1,248,04-Nov-2020,1.727241,1.760500
seq_m1,249,05-Nov-2020,1.725890,1.760500
seq_m1,250,06-Nov-2020,0.879717,0.898100
seq_m1,251,07-Nov-2020,0.879328,0.898100
seq_m1,252,08-Nov-2020,0.878924,0.898100
seq_m1,253,09-Nov-2020,0.878510,0.898100
seq_m1,254,10-Nov-2020,0.878091,0.898100
seq_m1,255,11-Nov-2020,0.877670,0.898100
seq_m1,256,12-Nov-2020,0.877248,0.898100
seq_m1,257,13-Nov-2020,0.876827,0.898100
seq_m1,258,14-Nov-2020,0.876408,0.898100
seq_m1,259,15-Nov-2020,0.875992,0.898100
seq_m1,260,16-Nov-2020,0.875580,0.898100
seq_m1,261,17-Nov-2020,0.875172,0.898100
seq_m1,262,18-Nov-2020,0.874768,0.898100
seq_m1,263,19-Nov-2020,0.874368,0.898100
seq_m1,264,20-Nov-2020,0.873972,0.898100
seq_m1,265,21-Nov-2020,0.873581,0.898100
seq_m1,266,22-Nov-2020,0.873194,0.898100
seq_m1,267,23-Nov-2020,0.872812,0.898100
seq_m1,268,24-Nov-2020,0.872434,0.898100
seq_m1,269,25-Nov-2020,0.872060,0.898100
seq_m1,270,26-Nov-2020,0.871691,0.898100
seq_m1,271,27-Nov-2020,0.871326,0.898100
seq_m1,272,28-Nov-2020,0.870965,0.898100
seq_m1,273,29-Nov-2020,0.870609,0.898100
seq_m1,274,30-Nov-2020,0.870257,0.898100
seq_m1,275,01-Dec-2020,0.869909,0.898100
seq_m1,276,02-Dec-2020,0.869565,0.898100
seq_m1,277,03-Dec-2020,0.869225,0.898100
seq_m1,278,04-Dec-2020,0.868889,0.898100
seq_m1,279,05-Dec-2020,0.868557,0.898100
seq_m1,280,06-Dec-2020,0.868230,0.898100
seq_m1,281,07-Dec-2020,0.867906,0.898100
seq_m1,282,08-Dec-2020,0.867586,0.898100
seq_m1,283,09-Dec-2020,0.867270,0.898100
seq_m1,284,10-Dec-2020,0.866957,0.898100
seq_m1,285,11-Dec-2020,0.866649,0.898100
seq_m1,286,12-Dec-2020,0.866344,0.898100
seq_m1,287,13-Dec-2020,0.866043,0.898100
seq_m1,288,14-Dec-2020,0.865746,0.898100
seq_m1,289,15-Dec-2020,0.865452,0.898100
seq_m1,290,16-Dec-2020,0.865162,0.898100
seq_m1,291,17-Dec-2020,0.864875,0.898100
seq_m1,292,18-Dec-2020,0.864592,0.898100
seq_m1,293,19-Dec-2020,0.864313,0.898100
seq_m1,294,20-Dec-2020,0.864037,0.898100
seq_m1,295,21-Dec-2020,0.863764,0.898100
seq_m1,296,22-Dec-2020,0.863495,0.898100
seq_m1,297,23-Dec-2020,0.863229,0.898100
seq_m1,298,24-Dec-2020,0.862966,0.898100
seq_m1,299,25-Dec-2020,0.862707,0.898100
seq_m1,300,26-Dec-2020,0.862451,0.898100
seq_m1,301,27-Dec-2020,0.862198,0.898100
seq_m1,302,28-Dec-2020,0.861948,0.898100
seq_m1,303,29-Dec-2020,0.861701,0.898100
seq_m1,304,30-Dec-2020,0.861457,0.898100
seq_m1,305,31-Dec-2020,0.861217,0.898100
seq_m2,0,01-Mar-2020,2.739018,2.739100
seq_m2,1,02-Mar-2020,2.739006,2.739100
seq_m2,2,03-Mar-2020,2.738992,2.739100
seq_m2,3,04-Mar-2020,2.738976,2.739100
seq_m2,4,05-Mar-2020,2.738958,2.739100
seq_m2,5,06-Mar-2020,2.738937,2.739100
seq_m2,6,07-Mar-2020,2.738914,2.739100
seq_m2,7,08-Mar-2020,2.738887,2.739100
seq_m2,8,09-Mar-2020,2.738858,2.739100
seq_m2,9,10-Mar-2020,2.738825,2.739100
seq_m2,10,11-Mar-2020,2.738788,2.739100
seq_m2,11,12-Mar-2020,2.738747,2.739100
seq_m2,12,13-Mar-2020,2.738701,2.739100
seq_m2,13,14-Mar-2020,2.738649,2.739100
seq_m2,14,15-Mar-2020,2.738591,2.739100
seq_m2,15,16-Mar-2020,2.738527,2.739100
seq_m2,16,17-Mar-2020,2.738455,2.739100
seq_m2,17,18-Mar-2020,2.738375,2.739100
seq_m2,18,19-Mar-2020,2.738285,2.739100
seq_m2,19,20-Mar-2020,2.738184,2.739100
seq_m2,20,21-Mar-2020,2.738072,2.739100
seq_m2,21,22-Mar-2020,2.737946,2.739100
seq_m2,22,23-Mar-2020,2.737806,2.739100
seq_m2,23,24-Mar-2020,2.737649,2.739100
seq_m2,24,25-Mar-2020,2.737474,2.739100
seq_m2,25,26-Mar-2020,2.737278,2.739100
seq_m2,26,27-Mar-2020,2.737059,2.739100
seq_m2,27,28-Mar-2020,2.736814,2.739100
seq_m2,28,29-Mar-2020,2.736541,2.739100
seq_m2,29,30-Mar-2020,2.736235,2.739100
seq_m2,30,31-Mar-2020,2.735894,2.739100
seq_m2,31,01-Apr-2020,0.680208,0.681100
seq_m2,32,02-Apr-2020,0.680182,0.681100
seq_m2,33,03-Apr-2020,0.680154,0.681100
seq_m2,34,04-Apr-2020,0.680124,0.681100
seq_m2,35,05-Apr-2020,0.680094,0.681100
seq_m2,36,06-Apr-2020,0.680064,0.681100
seq_m2,37,07-Apr-2020,0.680034,0.681100
seq_m2,38,08-Apr-2020,0.680004,0.681100
seq_m2,39,09-Apr-2020,0.679975,0.681100
seq_m2,40,10-Apr-2020,0.679946,0.681100
seq_m2,41,11-Apr-2020,0.679918,0.681100
seq_m2,42,12-Apr-2020,0.679890,0.681100
seq_m2,43,13-Apr-2020,0.679863,0.681100
seq_m2,44,14-Apr-2020,0.679837,0.681100
seq_m2,45,15-Apr-2020,0.679812,0.681100
seq_m2,46,16-Apr-2020,0.679788,0.681100
seq_m2,47,17-Apr-2020,0.679764,0.681100
seq_m2,48,18-Apr-2020,0.679741,0.681100
seq_m2,49,19-Apr-2020,0.679718,0.681100
seq_m2,50,20-Apr-2020,0.679696,0.681100
seq_m2,51,21-Apr-2020,0.679675,0.681100
seq_m2,52,22-Apr-2020,0.679655,0.681100
seq_m2,53,23-Apr-2020,0.679635,0.681100
seq_m2,54,24-Apr-2020,0.679616,0.681100
seq_m2,55,25-Apr-2020,0.679597,0.681100
seq_m2,56,26-Apr-2020,0.679579,0.681100
seq_m2,57,27-Apr-2020,0.679561,0.681100
seq_m2,58,28-Apr-2020,0.679544,0.681100
seq_m2,59,29-Apr-2020,0.679528,0.681100
seq_m2,60,30-Apr-2020,0.679511,0.681100
seq_m2,61,01-May-2020,0.679496,0.681100
seq_m2,62,02-May-2020,0.679481,0.681100
seq_m2,63,03-May-2020,0.679466,0.681100
seq_m2,64,04-May-2020,0.679452,0.681100
seq_m2,65,05-May-2020,0.679438,0.681100
seq_m2,66,06-May-2020,0.679425,0.681100
seq_m2,67,07-May-2020,0.679412,0.681100
seq_m2,68,08-May-2020,0.679399,0.681100
seq_m2,69,09-May-2020,0.679387,0.681100
seq_m2,70,10-May-2020,1.027092,1.029700
seq_m2,71,11-May-2020,1.027066,1.029700
seq_m2,72,12-May-2020,1.027040,1.029700
seq_m2,73,13-May-2020,1.027015,1.029700
seq_m2,74,14-May-2020,1.026990,1.029700
seq_m2,75,15-May-2020,1.026965,1.029700
seq_m2,76,16-May-2020,1.026941,1.029700
seq_m2,77,17-May-2020,1.026916,1.029700
seq_m2,78,18-May-2020,1.026891,1.029700
seq_m2,79,19-May-2020,1.026867,1.029700
seq_m2,80,20-May-2020,1.026842,1.029700
seq_m2,81,21-May-2020,1.026818,1.029700
seq_m2,82,22-May-2020,1.026793,1.029700
seq_m2,83,23-May-2020,1.026768,1.029700
seq_m2,84,24-May-2020,1.026743,1.029700
seq_m2,85,25-May-2020,1.026719,1.029700
seq_m2,86,26-May-2020,1.026694,1.029700
seq_m2,87,27-May-2020,1.026669,1.029700
seq_m2,88,28-May-2020,1.026644,1.029700
seq_m2,89,29-May-2020,1.026619,1.029700
seq_m2,90,30-May-2020,1.026594,1.029700
seq_m2,91,31-May-2020,1.026568,1.029700
seq_m2,92,01-Jun-2020,1.026543,1.029700
seq_m2,93,02-Jun-2020,1.026518,1.029700
seq_m2,94,03-Jun-2020,1.026493,1.029700
seq_m2,95,04-Jun-2020,1.026467,1.029700
seq_m2,96,05-Jun-2020,1.026442,1.029700
seq_m2,97,06-Jun-2020,1.026416,1.029700
seq_m2,98,07-Jun-2020,1.026391,1.029700
seq_m2,99,08-Jun-2020,1.026365,1.029700
seq_m2,100,09-Jun-2020,1.026339,1.029700
seq_m2,101,10-Jun-2020,1.026314,1.029700
seq_m2,102,11-Jun-2020,1.026288,1.029700
seq_m2,103,12-Jun-2020,1.026262,1.029700
seq_m2,104,13-Jun-2020,1.026236,1.029700
seq_m2,105,14-Jun-2020,1.026210,1.029700
seq_m2,106,15-Jun-2020,1.026184,1.029700
seq_m2,107,16-Jun-2020,1.026158,1.029700
seq_m2,108,17-Jun-2020,1.026132,1.029700
seq_m2,109,18-Jun-2020,1.026106,1.029700
seq_m2,110,19-Jun-2020,1.026079,1.029700
seq_m2,111,20-Jun-2020,1.026053,1.029700
seq_m2,112,21-Jun-2020,1.026027,1.029700
seq_m2,113,22-Jun-2020,1.026000,1.029700
seq_m2,114,23-Jun-2020,1.025974,1.029700
seq_m2,115,24-Jun-2020,1.025947,1.029700
seq_m2,116,25-Jun-2020,1.025921,1.029700
seq_m2,117,26-Jun-2020,1.025894,1.029700
seq_m2,118,27-Jun-2020,1.025867,1.029700
seq_m2,119,28-Jun-2020,1.025840,1.029700
seq_m2,120,29-Jun-2020,1.025814,1.029700
seq_m2,121,30-Jun-2020,1.025787,1.029700
seq_m2,122,01-Jul-2020,1.025760,1.029700
seq_m2,123,02-Jul-2020,1.025733,1.029700
seq_m2,124,03-Jul-2020,1.025706,1.029700
seq_m2,125,04-Jul-2020,1.025678,1.029700
seq_m2,126,05-Jul-2020,1.025651,1.029700
seq_m2,127,06-Jul-2020,1.025624,1.029700
seq_m2,128,07-Jul-2020,1.025597,1.029700
seq_m2,129,08-Jul-2020,1.025569,1.029700
seq_m2,130,09-Jul-2020,1.025542,1.029700
seq_m2,131,10-Jul-2020,1.025514,1.029700
seq_m2,132,11-Jul-2020,1.025487,1.029700
seq_m2,133,12-Jul-2020,1.025459,1.029700
seq_m2,134,13-Jul-2020,1.025431,1.029700
seq_m2,135,14-Jul-2020,1.025404,1.029700
seq_m2,136,15-Jul-2020,1.025376,1.029700
seq_m2,137,16-Jul-2020,1.025348,1.029700
seq_m2,138,17-Jul-2020,1.025320,1.029700
seq_m2,139,18-Jul-2020,1.025292,1.029700
seq_m2,140,19-Jul-2020,1.025264,1.029700
seq_m2,141,20-Jul-2020,1.025236,1.029700
seq_m2,142,21-Jul-2020,1.025208,1.029700
seq_m2,143,22-Jul-2020,1.025180,1.029700
seq_m2,144,23-Jul-2020,1.025151,1.029700
seq_m2,145,24-Jul-2020,1.025123,1.029700
seq_m2,146,25-Jul-2020,1.025095,1.029700
seq_m2,147,26-Jul-2020,1.025066,1.029700
seq_m2,148,27-Jul-2020,1.025038,1.029700
seq_m2,149,28-Jul-2020,1.025009,1.029700
seq_m2,150,29-Jul-2020,1.024980,1.029700
seq_m2,151,30-Jul-2020,1.024952,1.029700
seq_m2,152,31-Jul-2020,1.024923,1.029700
seq_m2,153,01-Aug-2020,1.024894,1.029700
seq_m2,154,02-Aug-2020,1.024865,1.029700
seq_m2,155,03-Aug-2020,1.024836,1.029700
seq_m2,156,04-Aug-2020,1.024807,1.029700
seq_m2,157,05-Aug-2020,1.024778,1.029700
seq_m2,158,06-Aug-2020,1.024749,1.029700
seq_m2,159,07-Aug-2020,1.024720,1.029700
seq_m2,160,08-Aug-2020,1.024691,1.029700
seq_m2,161,09-Aug-2020,1.024661,1.029700
seq_m2,162,10-Aug-2020,1.024632,1.029700
seq_m2,163,11-Aug-2020,1.024602,1.029700
seq_m2,164,12-Aug-2020,1.024573,1.029700
seq_m2,165,13-Aug-2020,1.024543,1.029700
seq_m2,166,14-Aug-2020,1.024514,1.029700
seq_m2,167,15-Aug-2020,1.024484,1.029700
seq_m2,168,16-Aug-2020,1.024454,1.029700
seq_m2,169,17-Aug-2020,1.024424,1.029700
seq_m2,170,18-Aug-2020,1.024395,1.029700
seq_m2,171,19-Aug-2020,1.024365,1.029700
seq_m2,172,20-Aug-2020,1.024335,1.029700
seq_m2,173,21-Aug-2020,1.024305,1.029700
seq_m2,174,22-Aug-2020,1.024274,1.029700
seq_m2,175,23-Aug-2020,1.024244,1.029700
seq_m2,176,24-Aug-2020,1.024214,1.029700
seq_m2,177,25-Aug-2020,1.024184,1.029700
seq_m2,178,26-Aug-2020,1.024153,1.029700
seq_m2,179,27-Aug-2020,1.024123,1.029700
seq_m2,180,28-Aug-2020,1.024092,1.029700
seq_m2,181,29-Aug-2020,1.024062,1.029700
seq_m2,182,30-Aug-2020,1.024031,1.029700
seq_m2,183,31-Aug-2020,1.024001,1.029700
seq_m2,184,01-Sep-2020,1.023970,1.029700
seq_m2,185,02-Sep-2020,1.023939,1.029700
seq_m2,186,03-Sep-2020,1.023908,1.029700
seq_m2,187,04-Sep-2020,1.023877,1.029700
seq_m2,188,05-Sep-2020,1.023846,1.029700
seq_m2,189,06-Sep-2020,1.023815,1.029700
seq_m2,190,07-Sep-2020,1.023784,1.029700
seq_m2,191,08-Sep-2020,1.023753,1.029700
seq_m2,192,09-Sep-2020,1.023722,1.029700
seq_m2,193,10-Sep-2020,1.023690,1.029700
seq_m2,194,11-Sep-2020,1.023659,1.029700
seq_m2,195,12-Sep-2020,1.023627,1.029700
seq_m2,196,13-Sep-2020,1.023596,1.029700
seq_m2,197,14-Sep-2020,1.750010,1.760500
seq_m2,198,15-Sep-2020,1.749917,1.760500
seq_m2,199,16-Sep-2020,1.749823,1.760500
seq_m2,200,17-Sep-2020,1.749726,1.760500
seq_m2,201,18-Sep-2020,1.749625,1.760500
seq_m2,202,19-Sep-2020,1.749519,1.760500
seq_m2,203,20-Sep-2020,1.749408,1.760500
seq_m2,204,21-Sep-2020,1.749292,1.760500
seq_m2,205,22-Sep-2020,1.749169,1.760500
seq_m2,206,23-Sep-2020,1.749039,1.760500
seq_m2,207,24-Sep-2020,1.748903,1.760500
seq_m2,208,25-Sep-2020,1.748758,1.760500
seq_m2,209,26-Sep-2020,1.748605,1.760500
seq_m2,210,27-Sep-2020,1.748444,1.760500
seq_m2,211,28-Sep-2020,1.748274,1.760500
seq_m2,212,29-Sep-2020,1.748094,1.760500
seq_m2,213,30-Sep-2020,1.747903,1.760500
seq_m2,214,01-Oct-2020,1.747702,1.760500
seq_m2,215,02-Oct-2020,1.747490,1.760500
seq_m2,216,03-Oct-2020,1.747265,1.760500
seq_m2,217,04-Oct-2020,1.747028,1.760500
seq_m2,218,05-Oct-2020,1.746778,1.760500
seq_m2,219,06-Oct-2020,1.746513,1.760500
seq_m2,220,07-Oct-2020,1.746233,1.760500
seq_m2,221,08-Oct-2020,1.745938,1.760500
seq_m2,222,09-Oct-2020,1.745626,1.760500
seq_m2,223,10-Oct-2020,1.745296,1.760500
seq_m2,224,11-Oct-2020,1.744948,1.760500
seq_m2,225,12-Oct-2020,1.744580,1.760500
seq_m2,226,13-Oct-2020,1.744191,1.760500
seq_m2,227,14-Oct-2020,1.743780,1.760500
seq_m2,228,15-Oct-2020,1.743347,1.760500
seq_m2,229,16-Oct-2020,1.742889,1.760500
seq_m2,230,17-Oct-2020,1.742405,1.760500
seq_m2,231,18-Oct-2020,1.741894,1.760500
seq_m2,232,19-Oct-2020,1.741354,1.760500
seq_m2,233,20-Oct-2020,1.740784,1.760500
seq_m2,234,21-Oct-2020,1.740183,1.760500
seq_m2,235,22-Oct-2020,1.739547,1.760500
seq_m2,236,23-Oct-2020,1.738877,1.760500
seq_m2,237,24-Oct-2020,1.738168,1.760500
seq_m2,238,25-Oct-2020,1.737420,1.760500
seq_m2,239,26-Oct-2020,1.736631,1.760500
seq_m2,240,27-Oct-2020,1.735798,1.760500
seq_m2,241,28-Oct-2020,1.734918,1.760500
seq_m2,242,29-Oct-2020,1.733990,1.760500
seq_m2,243,30-Oct-2020,1.733010,1.760500
seq_m2,244,31-Oct-2020,1.731977,1.760500
seq_m2,245,01-Nov-2020,1.730886,1.760500
seq_m2,246,02-Nov-2020,1.729735,1.760500
seq_m2,247,03-Nov-2020,1.728521,1.760500
seq_m2,248,04-Nov-2020,1.727241,1.760500
seq_m2,249,05-Nov-2020,1.725890,1.760500
seq_m2,250,06-Nov-2020,0.879717,0.898100
seq_m2,251,07-Nov-2020,0.879328,0.898100
seq_m2,252,08-Nov-2020,0.878924,0.898100
seq_m2,253,09-Nov-2020,0.878510,0.898100
seq_m2,254,10-Nov-2020,0.878091,0.898100
seq_m2,255,11-Nov-2020,0.877670,0.898100
seq_m2,256,12-Nov-2020,0.877248,0.898100
seq_m2,257,13-Nov-2020,0.876827,0.898100
seq_m2,258,14-Nov-2020,0.876408,0.898100
seq_m2,259,15-Nov-2020,0.875992,0.898100
seq_m2,260,16-Nov-2020,0.875580,0.898100
seq_m2,261,17-Nov-2020,0.875172,0.898100
seq_m2,262,18-Nov-2020,0.874768,0.898100
seq_m2,263,19-Nov-2020,0.874368,0.898100
seq_m2,264,20-Nov-2020,0.873972,0.898100
seq_m2,265,21-Nov-2020,0.873581,0.898100
seq_m2,266,22-Nov-2020,0.873194,0.898100
seq_m2,267,23-Nov-2020,0.872812,0.898100
seq_m2,268,24-Nov-2020,0.872434,0.898100
seq_m2,269,25-Nov-2020,0.872060,0.898100
seq_m2,270,26-Nov-2020,0.871691,0.898100
seq_m2,271,27-Nov-2020,0.871326,0.898100
seq_m2,272,28-Nov-2020,0.870965,0.898100
seq_m2,273,29-Nov-2020,0.870609,0.898100
seq_m2,274,30-Nov-2020,0.870257,0.898100
seq_m2,275,01-Dec-2020,0.869909,0.898100
seq_m2,276,02-Dec-2020,0.869565,0.898100
seq_m2,277,03-Dec-2020,0.869225,0.898100
seq_m2,278,04-Dec-2020,0.868889,0.898100
seq_m2,279,05-Dec-2020,0.868557,0.898100
seq_m2,280,06-Dec-2020,0.868230,0.898100
seq_m2,281,07-Dec-2020,0.867906,0.898100
seq_m2,282,08-Dec-2020,0.867586,0.898100
seq_m2,283,09-Dec-2020,0.867270,0.898100
seq_m2,284,10-Dec-2020,0.866957,0.898100
seq_m2,285,11-Dec-2020,0.866649,0.898100
seq_m2,286,12-Dec-2020,0.866344,0.898100
seq_m2,287,13-Dec-2020,0.866043,0.898100
seq_m2,288,14-Dec-2020,0.865746,0.898100
seq_m2,289,15-Dec-2020,0.865452,0.898100
seq_m2,290,16-Dec-2020,0.865162,0.898100
seq_m2,291,17-Dec-2020,0.864875,0.898100
seq_m2,292,18-Dec-2020,0.864592,0.898100
seq_m2,293,19-Dec-2020,0.864313,0.898100
seq_m2,294,20-Dec-2020,0.864037,0.898100
seq_m2,295,21-Dec-2020,0.863764,0.898100
seq_m2,296,22-Dec-2020,0.863495,0.898100
seq_m2,297,23-Dec-2020,0.863229,0.898100
seq_m2,298,24-Dec-2020,0.862966,0.898100
seq_m2,299,25-Dec-2020,0.862707,0.898100
seq_m2,300,26-Dec-2020,0.862451,0.898100
seq_m2,301,27-Dec-2020,0.862198,0.898100
seq_m2,302,28-Dec-2020,0.861948,0.898100
seq_m2,303,29-Dec-2020,0.861701,0.898100
seq_m2,304,30-Dec-2020,0.861457,0.898100
seq_m2,305,31-Dec-2020,0.861217,0.898100
seq_m3,0,01-Mar-2020,2.739018,2.739100
seq_m3,1,02-Mar-2020,2.739006,2.739100
seq_m3,2,03-Mar-2020,2.738992,2.739100
seq_m3,3,04-Mar-2020,2.738976,2.739100
seq_m3,4,05-Mar-2020,2.738958,2.739100
seq_m3,5,06-Mar-2020,2.738937,2.739100
seq_m3,6,07-Mar-2020,2.738914,2.739100
seq_m3,7,08-Mar-2020,2.738887,2.739100
seq_m3,8,09-Mar-2020,2.738858,2.739100
seq_m3,9,10-Mar-2020,2.738825,2.739100
seq_m3,10,11-Mar-2020,2.738788,2.739100
seq_m3,11,12-Mar-2020,2.738747,2.739100
seq_m3,12,13-Mar-2020,2.738701,2.739100
seq_m3,13,14-Mar-2020,2.738649,2.739100
seq_m3,14,15-Mar-2020,2.738591,2.739100
seq_m3,15,16-Mar-2020,2.738527,2.739100
seq_m3,16,17-Mar-2020,2.738455,2.739100
seq_m3,17,18-Mar-2020,2.738375,2.739100
seq_m3,18,19-Mar-2020,2.738285,2.739100
seq_m3,19,20-Mar-2020,2.738184,2.739100
seq_m3,20,21-Mar-2020,2.738072,2.739100
seq_m3,21,22-Mar-2020,2.737946,2.739100
seq_m3,22,23-Mar-2020,2.737806,2.739100
seq_m3,23,24-Mar-2020,2.737649,2.739100
seq_m3,24,25-Mar-2020,2.737474,2.739100
seq_m3,25,26-Mar-2020,2.737278,2.739100
seq_m3,26,27-Mar-2020,2.737059,2.739100
seq_m3,27,28-Mar-2020,2.736814,2.739100
seq_m3,28,29-Mar-2020,2.736541,2.739100
seq_m3,29,30-Mar-2020,2.736235,2.739100
seq_m3,30,31-Mar-2020,2.735894,2.739100
seq_m3,31,01-Apr-2020,0.680208,0.681100
seq_m3,32,02-Apr-2020,0.680182,0.681100
seq_m3,33,03-Apr-2020,0.680154,0.681100
seq_m3,34,04-Apr-2020,0.680124,0.681100
seq_m3,35,05-Apr-2020,0.680094,0.681100
seq_m3,36,06-Apr-2020,0.680064,0.681100
seq_m3,37,07-Apr-2020,0.680034,0.681100
seq_m3,38,08-Apr-2020,0.680004,0.681100
seq_m3,39,09-Apr-2020,0.679975,0.681100
seq_m3,40,10-Apr-2020,0.679946,0.681100
seq_m3,41,11-Apr-2020,0.679918,0.681100
seq_m3,42,12-Apr-2020,0.679890,0.681100
seq_m3,43,13-Apr-2020,0.679863,0.681100
seq_m3,44,14-Apr-2020,0.679837,0.681100
seq_m3,45,15-Apr-2020,0.679812,0.681100
seq_m3,46,16-Apr-2020,0.679788,0.681100
seq_m3,47,17-Apr-2020,0.679764,0.681100
seq_m3,48,18-Apr-2020,0.679741,0.681100
seq_m3,49,19-Apr-2020,0.679718,0.681100
seq_m3,50,20-Apr-2020,0.679696,0.681100
seq_m3,51,21-Apr-2020,0.679675,0.681100
seq_m3,52,22-Apr-2020,0.679655,0.681100
seq_m3,53,23-Apr-2020,0.679635,0.681100
seq_m3,54,24-Apr-2020,0.679616,0.681100
seq_m3,55,25-Apr-2020,0.679597,0.681100
seq_m3,56,26-Apr-2020,0.679579,0.681100
seq_m3,57,27-Apr-2020,0.679561,0.681100
seq_m3,58,28-Apr-2020,0.679544,0.681100
seq_m3,59,29-Apr-2020,0.679528,0.681100
seq_m3,60,30-Apr-2020,0.679511,0.681100
seq_m3,61,01-May-2020,0.679496,0.681100
seq_m3,62,02-May-2020,0.679481,0.681100
seq_m3,63,03-May-2020,0.679466,0.681100
seq_m3,64,04-May-2020,0.679452,0.681100
seq_m3,65,05-May-2020,0.679438,0.681100
seq_m3,66,06-May-2020,0.679425,0.681100
seq_m3,67,07-May-2020,0.679412,0.681100
seq_m3,68,08-May-2020,0.679399,0.681100
seq_m3,69,09-May-2020,0.679387,0.681100
seq_m3,70,10-May-2020,1.027092,1.029700
seq_m3,71,11-May-2020,1.027066,1.029700
seq_m3,72,12-May-2020,1.027040,1.029700
seq_m3,73,13-May-2020,1.027015,1.029700
seq_m3,74,14-May-2020,1.026990,1.029700
seq_m3,75,15-May-2020,1.026965,1.029700
seq_m3,76,16-May-2020,1.026941,1.029700
seq_m3,77,17-May-2020,1.026916,1.029700
seq_m3,78,18-May-2020,1.026891,1.029700
seq_m3,79,19-May-2020,1.026867,1.029700
seq_m3,80,20-May-2020,1.026842,1.029700
seq_m3,81,21-May-2020,1.026818,1.029700
seq_m3,82,22-May-2020,1.026793,1.029700
seq_m3,83,23-May-2020,1.026768,1.029700
seq_m3,84,24-May-2020,1.026743,1.029700
seq_m3,85,25-May-2020,1.026719,1.029700
seq_m3,86,26-May-2020,1.026694,1.029700
seq_m3,87,27-May-2020,1.026669,1.029700
seq_m3,88,28-May-2020,1.026644,1.029700
seq_m3,89,29-May-2020,1.026619,1.029700
seq_m3,90,30-May-2020,1.026594,1.029700
seq_m3,91,31-May-2020,1.026568,1.029700
seq_m3,92,01-Jun-2020,1.026543,1.029700
seq_m3,93,02-Jun-2020,1.026518,1.029700
seq_m3,94,03-Jun-2020,1.026493,1.029700
seq_m3,95,04-Jun-2020,1.026467,1.029700
seq_m3,96,05-Jun-2020,1.026442,1.029700
seq_m3,97,06-Jun-2020,1.026416,1.029700
seq_m3,98,07-Jun-2020,1.026391,1.029700
seq_m3,99,08-Jun-2020,1.026365,1.029700
seq_m3,100,09-Jun-2020,1.026339,1.029700
seq_m3,101,10-Jun-2020,1.026314,1.029700
seq_m3,102,11-Jun-2020,1.026288,1.029700
seq_m3,103,12-Jun-2020,1.026262,1.029700
seq_m3,104,13-Jun-2020,1.026236,1.029700
seq_m3,105,14-Jun-2020,1.026210,1.029700
seq_m3,106,15-Jun-2020,1.026184,1.029700
seq_m3,107,16-Jun-2020,1.026158,1.029700
seq_m3,108,17-Jun-2020,1.026132,1.029700
seq_m3,109,18-Jun-2020,1.026106,1.029700
seq_m3,110,19-Jun-2020,1.026079,1.029700
seq_m3,111,20-Jun-2020,1.026053,1.029700
seq_m3,112,21-Jun-2020,1.026027,1.029700
seq_m3,113,22-Jun-2020,1.026000,1.029700
seq_m3,114,23-Jun-2020,1.025974,1.029700
seq_m3,115,24-Jun-2020,1.025947,1.029700
seq_m3,116,25-Jun-2020,1.025921,1.029700
seq_m3,117,26-Jun-2020,1.025894,1.029700
seq_m3,118,27-Jun-2020,1.025867,1.029700
seq_m3,119,28-Jun-2020,1.025840,1.029700
seq_m3,120,29-Jun-2020,1.025814,1.029700
seq_m3,121,30-Jun-2020,1.025787,1.029700
seq_m3,122,01-Jul-2020,1.025760,1.029700
seq_m3,123,02-Jul-2020,1.025733,1.029700
seq_m3,124,03-Jul-2020,1.025706,1.029700
seq_m3,125,04-Jul-2020,1.025678,1.029700
seq_m3,126,05-Jul-2020,1.025651,1.029700
seq_m3,127,06-Jul-2020,1.025624,1.029700
seq_m3,128,07-Jul-2020,1.025597,1.029700
seq_m3,129,08-Jul-2020,1.025569,1.029700
seq_m3,130,09-Jul-2020,1.025542,1.029700
seq_m3,131,10-Jul-2020,1.025514,1.029700
seq_m3,132,11-Jul-2020,1.025487,1.029700
seq_m3,133,12-Jul-2020,1.025459,1.029700
seq_m3,134,13-Jul-2020,1.025431,1.029700
seq_m3,135,14-Jul-2020,1.025404,1.029700
seq_m3,136,15-Jul-2020,1.025376,1.029700
seq_m3,137,16-Jul-2020,1.025348,1.029700
seq_m3,138,17-Jul-2020,1.025320,1.029700
seq_m3,139,18-Jul-2020,1.025292,1.029700
seq_m3,140,19-Jul-2020,1.025264,1.029700
seq_m3,141,20-Jul-2020,1.025236,1.029700
seq_m3,142,21-Jul-2020,1.025208,1.029700
seq_m3,143,22-Jul-2020,1.025180,1.029700
seq_m3,144,23-Jul-2020,1.025151,1.029700
seq_m3,145,24-Jul-2020,1.025123,1.029700
seq_m3,146,25-Jul-2020,1.025095,1.029700
seq_m3,147,26-Jul-2020,1.025066,1.029700
seq_m3,148,27-Jul-2020,1.025038,1.029700
seq_m3,149,28-Jul-2020,1.025009,1.029700
seq_m3,150,29-Jul-2020,1.024980,1.029700
seq_m3,151,30-Jul-2020,1.024952,1.029700
seq_m3,152,31-Jul-2020,1.024923,1.029700
seq_m3,153,01-Aug-2020,1.024894,1.029700
seq_m3,154,02-Aug-2020,1.024865,1.029700
seq_m3,155,03-Aug-2020,1.024836,1.029700
seq_m3,156,04-Aug-2020,1.024807,1.029700
seq_m3,157,05-Aug-2020,1.024778,1.029700
seq_m3,158,06-Aug-2020,1.024749,1.029700
seq_m3,159,07-Aug-2020,1.024720,1.029700
seq_m3,160,08-Aug-2020,1.024691,1.029700
seq_m3,161,09-Aug-2020,1.024661,1.029700
seq_m3,162,10-Aug-2020,1.024632,1.029700
seq_m3,163,11-Aug-2020,1.024602,1.029700
seq_m3,164,12-Aug-2020,1.024573,1.029700
seq_m3,165,13-Aug-2020,1.024543,1.029700
seq_m3,166,14-Aug-2020,1.024514,1.029700
seq_m3,167,15-Aug-2020,1.024484,1.029700
seq_m3,168,16-Aug-2020,1.024454,1.029700
seq_m3,169,17-Aug-2020,1.024424,1.029700
seq_m3,170,18-Aug-2020,1.024395,1.029700
seq_m3,171,19-Aug-2020,1.024365,1.029700
seq_m3,172,20-Aug-2020,1.024335,1.029700
seq_m3,173,21-Aug-2020,1.024305,1.029700
seq_m3,174,22-Aug-2020,1.024274,1.029700
seq_m3,175,23-Aug-2020,1.024244,1.029700
seq_m3,176,24-Aug-2020,1.024214,1.029700
seq_m3,177,25-Aug-2020,1.024184,1.029700
seq_m3,178,26-Aug-2020,1.024153,1.029700
seq_m3,179,27-Aug-2020,1.024123,1.029700
seq_m3,180,28-Aug-2020,1.024092,1.029700
seq_m3,181,29-Aug-2020,1.024062,1.029700
seq_m3,182,30-Aug-2020,1.024031,1.029700
seq_m3,183,31-Aug-2020,1.024001,1.029700
seq_m3,184,01-Sep-2020,1.023970,1.029700
seq_m3,185,02-Sep-2020,1.023939,1.029700
seq_m3,186,03-Sep-2020,1.023908,1.029700
seq_m3,187,04-Sep-2020,1.023877,1.029700
seq_m3,188,05-Sep-2020,1.023846,1.029700
seq_m3,189,06-Sep-2020,1.023815,1.029700
seq_m3,190,07-Sep-2020,1.023784,1.029700
seq_m3,191,08-Sep-2020,1.023753,1.029700
seq_m3,192,09-Sep-2020,1.023722,1.029700
seq_m3,193,10-Sep-2020,1.023690,1.029700
seq_m3,194,11-Sep-2020,1.023659,1.029700
seq_m3,195,12-Sep-2020,1.023627,1.029700
seq_m3,196,13-Sep-2020,1.023596,1.029700
seq_m3,197,14-Sep-2020,1.750010,1.760500
seq_m3,198,15-Sep-2020,1.749917,1.760500
seq_m3,199,16-Sep-2020,1.749823,1.760500
seq_m3,200,17-Sep-2020,1.749726,1.760500
seq_m3,201,18-Sep-2020,1.749625,1.760500
seq_m3,202,19-Sep-2020,1.749519,1.760500
seq_m3,203,20-Sep-2020,1.749408,1.760500
seq_m3,204,21-Sep-2020,1.749292,1.760500
seq_m3,205,22-Sep-2020,1.749169,1.760500
seq_m3,206,23-Sep-2020,1.749039,1.760500
seq_m3,207,24-Sep-2020,1.748903,1.760500
seq_m3,208,25-Sep-2020,1.748758,1.760500
seq_m3,209,26-Sep-2020,1.748605,1.760500
seq_m3,210,27-Sep-2020,1.748444,1.760500
seq_m3,211,28-Sep-2020,1.748274,1.760500
seq_m3,212,29-Sep-2020,1.748094,1.760500
seq_m3,213,30-Sep-2020,1.747903,1.760500
seq_m3,214,01-Oct-2020,1.747702,1.760500
seq_m3,215,02-Oct-2020,1.747490,1.760500
seq_m3,216,03-Oct-2020,1.747266,1.760500
seq_m3,217,04-Oct-2020,1.747028,1.760500
seq_m3,218,05-Oct-2020,1.746778,1.760500
seq_m3,219,06-Oct-2020,1.746513,1.760500
seq_m3,220,07-Oct-2020,1.746234,1.760500
seq_m3,221,08-Oct-2020,1.745938,1.760500
seq_m3,222,09-Oct-2020,1.745626,1.760500
seq_m3,223,10-Oct-2020,1.745296,1.760500
seq_m3,224,11-Oct-2020,1.744948,1.760500
seq_m3,225,12-Oct-2020,1.744580,1.760500
seq_m3,226,13-Oct-2020,1.744191,1.760500
seq_m3,227,14-Oct-2020,1.743781,1.760500
seq_m3,228,15-Oct-2020,1.743347,1.760500
seq_m3,229,16-Oct-2020,1.742889,1.760500
seq_m3,230,17-Oct-2020,1.742405,1.760500
seq_m3,231,18-Oct-2020,1.741894,1.760500
seq_m3,232,19-Oct-2020,1.741355,1.760500
seq_m3,233,20-Oct-2020,1.740785,1.760500
seq_m3,234,21-Oct-2020,1.740183,1.760500
seq_m3,235,22-Oct-2020,1.739548,1.760500
seq_m3,236,23-Oct-2020,1.738877,1.760500
seq_m3,237,24-Oct-2020,1.738169,1.760500
seq_m3,238,25-Oct-2020,1.737421,1.760500
seq_m3,239,26-Oct-2020,1.736631,1.760500
seq_m3,240,27-Oct-2020,1.735798,1.760500
seq_m3,241,28-Oct-2020,1.734919,1.760500
seq_m3,242,29-Oct-2020,1.733990,1.760500
seq_m3,243,30-Oct-2020,1.733011,1.760500
seq_m3,244,31-Oct-2020,1.731977,1.760500
seq_m3,245,01-Nov-2020,1.730886,1.760500
seq_m3,246,02-Nov-2020,1.729736,1.760500
seq_m3,247,03-Nov-2020,1.728522,1.760500
seq_m3,248,04-Nov-2020,1.727241,1.760500
seq_m3,249,05-Nov-2020,1.725891,1.760500
seq_m3,250,06-Nov-2020,0.879718,0.898100
seq_m3,251,07-Nov-2020,0.879328,0.898100
seq_m3,252,08-Nov-2020,0.878924,0.898100
seq_m3,253,09-Nov-2020,0.878511,0.898100
seq_m3,254,10-Nov-2020,0.878092,0.898100
seq_m3,255,11-Nov-2020,0.877670,0.898100
seq_m3,256,12-Nov-2020,0.877248,0.898100
seq_m3,257,13-Nov-2020,0.876827,0.898100
seq_m3,258,14-Nov-2020,0.876409,0.898100
seq_m3,259,15-Nov-2020,0.875993,0.898100
seq_m3,260,16-Nov-2020,0.875581,0.898100
seq_m3,261,17-Nov-2020,0.875172,0.898100
seq_m3,262,18-Nov-2020,0.874768,0.898100
seq_m3,263,19-Nov-2020,0.874368,0.898100
seq_m3,264,20-Nov-2020,0.873973,0.898100
seq_m3,265,21-Nov-2020,0.873581,0.898100
seq_m3,266,22-Nov-2020,0.873195,0.898100
seq_m3,267,23-Nov-2020,0.872812,0.898100
seq_m3,268,24-Nov-2020,0.872434,0.898100
seq_m3,269,25-Nov-2020,0.872061,0.898100
seq_m3,270,26-Nov-2020,0.871691,0.898100
seq_m3,271,27-Nov-2020,0.871326,0.898100
seq_m3,272,28-Nov-2020,0.870966,0.898100
seq_m3,273,29-Nov-2020,0.870609,0.898100
seq_m3,274,30-Nov-2020,0.870257,0.898100
seq_m3,275,01-Dec-2020,0.869909,0.898100
seq_m3,276,02-Dec-2020,0.869565,0.898100
seq_m3,277,03-Dec-2020,0.869225,0.898100
seq_m3,278,04-Dec-2020,0.868890,0.898100
seq_m3,279,05-Dec-2020,0.868558,0.898100
seq_m3,280,06-Dec-2020,0.868230,0.898100
seq_m3,281,07-Dec-2020,0.867906,0.898100
seq_m3,282,08-Dec-2020,0.867586,0.898100
seq_m3,283,09-Dec-2020,0.867270,0.898100
seq_m3,284,10-Dec-2020,0.866958,0.898100
seq_m3,285,11-Dec-2020,0.866650,0.898100
seq_m3,286,12-Dec-2020,0.866345,0.898100
seq_m3,287,13-Dec-2020,0.866044,0.898100
seq_m3,288,14-Dec-2020,0.865746,0.898100
seq_m3,289,15-Dec-2020,0.865453,0.898100
seq_m3,290,16-Dec-2020,0.865163,0.898100
seq_m3,291,17-Dec-2020,0.864876,0.898100
seq_m3,292,18-Dec-2020,0.864593,0.898100
seq_m3,293,19-Dec-2020,0.864314,0.898100
seq_m3,294,20-Dec-2020,0.864037,0.898100
seq_m3,295,21-Dec-2020,0.863765,0.898100
seq_m3,296,22-Dec-2020,0.863495,0.898100
seq_m3,297,23-Dec-2020,0.863229,0.898100
seq_m3,298,24-Dec-2020,0.862967,0.898100
seq_m3,299,25-Dec-2020,0.862707,0.898100
seq_m3,300,26-Dec-2020,0.862451,0.898100
seq_m3,301,27-Dec-2020,0.862198,0.898100
seq_m3,302,28-Dec-2020,0.861948,0.898100
seq_m3,303,29-Dec-2020,0.861702,0.898100
seq_m3,304,30-Dec-2020,0.861458,0.898100
seq_m3,305,31-Dec-2020,0.861218,0.898100
sim_m1,0,01-Mar-2020,3.360347,3.360448
sim_m1,1,02-Mar-2020,3.360329,3.360448
sim_m1,2,03-Mar-2020,3.360308,3.360448
sim_m1,3,04-Mar-2020,3.360283,3.360448
sim_m1,4,05-Mar-2020,3.360254,3.360448
sim_m1,5,06-Mar-2020,3.360220,3.360448
sim_m1,6,07-Mar-2020,3.360181,3.360448
sim_m1,7,08-Mar-2020,3.360136,3.360448
sim_m1,8,09-Mar-2020,3.360084,3.360448
sim_m1,9,10-Mar-2020,3.360024,3.360448
sim_m1,10,11-Mar-2020,3.359954,3.360448
sim_m1,11,12-Mar-2020,3.359875,3.360448
sim_m1,12,13-Mar-2020,3.359783,3.360448
sim_m1,13,14-Mar-2020,3.359677,3.360448
sim_m1,14,15-Mar-2020,3.359555,3.360448
sim_m1,15,16-Mar-2020,3.359415,3.360448
sim_m1,16,17-Mar-2020,3.359254,3.360448
sim_m1,17,18-Mar-2020,3.359068,3.360448
sim_m1,18,19-Mar-2020,3.358854,3.360448
sim_m1,19,20-Mar-2020,3.358607,3.360448
sim_m1,20,21-Mar-2020,3.358324,3.360448
sim_m1,21,22-Mar-2020,3.357997,3.360448
sim_m1,22,23-Mar-2020,3.357621,3.360448
sim_m1,23,24-Mar-2020,3.357188,3.360448
sim_m1,24,25-Mar-2020,3.356689,3.360448
sim_m1,25,26-Mar-2020,3.356116,3.360448
sim_m1,26,27-Mar-2020,3.355455,3.360448
sim_m1,27,28-Mar-2020,3.354695,3.360448
sim_m1,28,29-Mar-2020,3.353820,3.360448
sim_m1,29,30-Mar-2020,3.352812,3.360448
sim_m1,30,31-Mar-2020,3.351653,3.360448
sim_m1,31,01-Apr-2020,0.439985,0.441315
sim_m1,32,02-Apr-2020,0.439959,0.441315
sim_m1,33,03-Apr-2020,0.439930,0.441315
sim_m1,34,04-Apr-2020,0.439900,0.441315
sim_m1,35,05-Apr-2020,0.439870,0.441315
sim_m1,36,06-Apr-2020,0.439839,0.441315
sim_m1,37,07-Apr-2020,0.439809,0.441315
sim_m1,38,08-Apr-2020,0.439780,0.441315
sim_m1,39,09-Apr-2020,0.439751,0.441315
sim_m1,40,10-Apr-2020,0.439724,0.441315
sim_m1,41,11-Apr-2020,0.439698,0.441315
sim_m1,42,12-Apr-2020,0.439673,0.441315
sim_m1,43,13-Apr-2020,0.439650,0.441315
sim_m1,44,14-Apr-2020,0.439627,0.441315
sim_m1,45,15-Apr-2020,0.439606,0.441315
sim_m1,46,16-Apr-2020,0.439586,0.441315
sim_m1,47,17-Apr-2020,0.439567,0.441315
sim_m1,48,18-Apr-2020,0.439549,0.441315
sim_m1,49,19-Apr-2020,0.439532,0.441315
sim_m1,50,20-Apr-2020,0.439515,0.441315
sim_m1,51,21-Apr-2020,0.439500,0.441315
sim_m1,52,22-Apr-2020,0.439486,0.441315
sim_m1,53,23-Apr-2020,0.439473,0.441315
sim_m1,54,24-Apr-2020,0.439460,0.441315
sim_m1,55,25-Apr-2020,0.439448,0.441315
sim_m1,56,26-Apr-2020,0.439437,0.441315
sim_m1,57,27-Apr-2020,0.439426,0.441315
sim_m1,58,28-Apr-2020,0.439416,0.441315
sim_m1,59,29-Apr-2020,0.439406,0.441315
sim_m1,60,30-Apr-2020,0.439397,0.441315
sim_m1,61,01-May-2020,0.439389,0.441315
sim_m1,62,02-May-2020,0.439381,0.441315
sim_m1,63,03-May-2020,0.439373,0.441315
sim_m1,64,04-May-2020,0.439366,0.441315
sim_m1,65,05-May-2020,0.439360,0.441315
sim_m1,66,06-May-2020,0.439353,0.441315
sim_m1,67,07-May-2020,0.439348,0.441315
sim_m1,68,08-May-2020,0.439342,0.441315
sim_m1,69,09-May-2020,0.439337,0.441315
sim_m1,70,10-May-2020,1.030794,1.035447
sim_m1,71,11-May-2020,1.030768,1.035447
sim_m1,72,12-May-2020,1.030743,1.035447
sim_m1,73,13-May-2020,1.030719,1.035447
sim_m1,74,14-May-2020,1.030696,1.035447
sim_m1,75,15-May-2020,1.030673,1.035447
sim_m1,76,16-May-2020,1.030651,1.035447
sim_m1,77,17-May-2020,1.030628,1.035447
sim_m1,78,18-May-2020,1.030606,1.035447
sim_m1,79,19-May-2020,1.030583,1.035447
sim_m1,80,20-May-2020,1.030561,1.035447
sim_m1,81,21-May-2020,1.030539,1.035447
sim_m1,82,22-May-2020,1.030516,1.035447
sim_m1,83,23-May-2020,1.030494,1.035447
sim_m1,84,24-May-2020,1.030471,1.035447
sim_m1,85,25-May-2020,1.030449,1.035447
sim_m1,86,26-May-2020,1.030426,1.035447
sim_m1,87,27-May-2020,1.030404,1.035447
sim_m1,88,28-May-2020,1.030381,1.035447
sim_m1,89,29-May-2020,1.030358,1.035447
sim_m1,90,30-May-2020,1.030335,1.035447
sim_m1,91,31-May-2020,1.030312,1.035447
sim_m1,92,01-Jun-2020,1.030290,1.035447
sim_m1,93,02-Jun-2020,1.030267,1.035447
sim_m1,94,03-Jun-2020,1.030244,1.035447
sim_m1,95,04-Jun-2020,1.030220,1.035447
sim_m1,96,05-Jun-2020,1.030197,1.035447
sim_m1,97,06-Jun-2020,1.030174,1.035447
sim_m1,98,07-Jun-2020,1.030151,1.035447
sim_m1,99,08-Jun-2020,1.030127,1.035447
sim_m1,100,09-Jun-2020,1.030104,1.035447
sim_m1,101,10-Jun-2020,1.030081,1.035447
sim_m1,102,11-Jun-2020,1.030057,1.035447
sim_m1,103,12-Jun-2020,1.030033,1.035447
sim_m1,104,13-Jun-2020,1.030010,1.035447
sim_m1,105,14-Jun-2020,1.029986,1.035447
sim_m1,106,15-Jun-2020,1.029962,1.035447
sim_m1,107,16-Jun-2020,1.029939,1.035447
sim_m1,108,17-Jun-2020,1.029915,1.035447
sim_m1,109,18-Jun-2020,1.029891,1.035447
sim_m1,110,19-Jun-2020,1.029867,1.035447
sim_m1,111,20-Jun-2020,1.029843,1.035447
sim_m1,112,21-Jun-2020,1.029818,1.035447
sim_m1,113,22-Jun-2020,1.029794,1.035447
sim_m1,114,23-Jun-2020,1.029770,1.035447
sim_m1,115,24-Jun-2020,1.029746,1.035447
sim_m1,116,25-Jun-2020,1.029721,1.035447
sim_m1,117,26-Jun-2020,1.029697,1.035447
sim_m1,118,27-Jun-2020,1.029672,1.035447
sim_m1,119,28-Jun-2020,1.029648,1.035447
sim_m1,120,29-Jun-2020,1.029623,1.035447
sim_m1,121,30-Jun-2020,1.029599,1.035447
sim_m1,122,01-Jul-2020,1.029574,1.035447
sim_m1,123,02-Jul-2020,1.029549,1.035447
sim_m1,124,03-Jul-2020,1.029524,1.035447
sim_m1,125,04-Jul-2020,1.029499,1.035447
sim_m1,126,05-Jul-2020,1.029474,1.035447
sim_m1,127,06-Jul-2020,1.029449,1.035447
sim_m1,128,07-Jul-2020,1.029424,1.035447
sim_m1,129,08-Jul-2020,1.029399,1.035447
sim_m1,130,09-Jul-2020,1.029374,1.035447
sim_m1,131,10-Jul-2020,1.029348,1.035447
sim_m1,132,11-Jul-2020,1.029323,1.035447
sim_m1,133,12-Jul-2020,1.029297,1.035447
sim_m1,134,13-Jul-2020,1.029272,1.035447
sim_m1,135,14-Jul-2020,1.029246,1.035447
sim_m1,136,15-Jul-2020,1.029221,1.035447
sim_m1,137,16-Jul-2020,1.029195,1.035447
sim_m1,138,17-Jul-2020,1.029169,1.035447
sim_m1,139,18-Jul-2020,1.029144,1.035447
sim_m1,140,19-Jul-2020,1.029118,1.035447
sim_m1,141,20-Jul-2020,1.029092,1.035447
sim_m1,142,21-Jul-2020,1.029066,1.035447
sim_m1,143,22-Jul-2020,1.029040,1.035447
sim_m1,144,23-Jul-2020,1.029013,1.035447
sim_m1,145,24-Jul-2020,1.028987,1.035447
sim_m1,146,25-Jul-2020,1.028961,1.035447
sim_m1,147,26-Jul-2020,1.028935,1.035447
sim_m1,148,27-Jul-2020,1.028908,1.035447
sim_m1,149,28-Jul-2020,1.028882,1.035447
sim_m1,150,29-Jul-2020,1.028855,1.035447
sim_m1,151,30-Jul-2020,1.028829,1.035447
sim_m1,152,31-Jul-2020,1.028802,1.035447
sim_m1,153,01-Aug-2020,1.028775,1.035447
sim_m1,154,02-Aug-2020,1.028748,1.035447
sim_m1,155,03-Aug-2020,1.028722,1.035447
sim_m1,156,04-Aug-2020,1.028695,1.035447
sim_m1,157,05-Aug-2020,1.028668,1.035447
sim_m1,158,06-Aug-2020,1.028641,1.035447
sim_m1,159,07-Aug-2020,1.028614,1.035447
sim_m1,160,08-Aug-2020,1.028586,1.035447
sim_m1,161,09-Aug-2020,1.028559,1.035447
sim_m1,162,10-Aug-2020,1.028532,1.035447
sim_m1,163,11-Aug-2020,1.028504,1.035447
sim_m1,164,12-Aug-2020,1.028477,1.035447
sim_m1,165,13-Aug-2020,1.028449,1.035447
sim_m1,166,14-Aug-2020,1.028422,1.035447
sim_m1,167,15-Aug-2020,1.028394,1.035447
sim_m1,168,16-Aug-2020,1.028366,1.035447
sim_m1,169,17-Aug-2020,1.028339,1.035447
sim_m1,170,18-Aug-2020,1.028311,1.035447
sim_m1,171,19-Aug-2020,1.028283,1.035447
sim_m1,172,20-Aug-2020,1.028255,1.035447
sim_m1,173,21-Aug-2020,1.028227,1.035447
sim_m1,174,22-Aug-2020,1.028199,1.035447
sim_m1,175,23-Aug-2020,1.028170,1.035447
sim_m1,176,24-Aug-2020,1.028142,1.035447
sim_m1,177,25-Aug-2020,1.028114,1.035447
sim_m1,178,26-Aug-2020,1.028086,1.035447
sim_m1,179,27-Aug-2020,1.028057,1.035447
sim_m1,180,28-Aug-2020,1.028029,1.035447
sim_m1,181,29-Aug-2020,1.028000,1.035447
sim_m1,182,30-Aug-2020,1.027971,1.035447
sim_m1,183,31-Aug-2020,1.027943,1.035447
sim_m1,184,01-Sep-2020,1.027914,1.035447
sim_m1,185,02-Sep-2020,1.027885,1.035447
sim_m1,186,03-Sep-2020,1.027856,1.035447
sim_m1,187,04-Sep-2020,1.027827,1.035447
sim_m1,188,05-Sep-2020,1.027798,1.035447
sim_m1,189,06-Sep-2020,1.027769,1.035447
sim_m1,190,07-Sep-2020,1.027739,1.035447
sim_m1,191,08-Sep-2020,1.027710,1.035447
sim_m1,192,09-Sep-2020,1.027681,1.035447
sim_m1,193,10-Sep-2020,1.027651,1.035447
sim_m1,194,11-Sep-2020,1.027622,1.035447
sim_m1,195,12-Sep-2020,1.027592,1.035447
sim_m1,196,13-Sep-2020,1.027563,1.035447
sim_m1,197,14-Sep-2020,1.658539,1.671313
sim_m1,198,15-Sep-2020,1.658461,1.671313
sim_m1,199,16-Sep-2020,1.658382,1.671313
sim_m1,200,17-Sep-2020,1.658301,1.671313
sim_m1,201,18-Sep-2020,1.658217,1.671313
sim_m1,202,19-Sep-2020,1.658130,1.671313
sim_m1,203,20-Sep-2020,1.658039,1.671313
sim_m1,204,21-Sep-2020,1.657944,1.671313
sim_m1,205,22-Sep-2020,1.657844,1.671313
sim_m1,206,23-Sep-2020,1.657739,1.671313
sim_m1,207,24-Sep-2020,1.657629,1.671313
sim_m1,208,25-Sep-2020,1.657514,1.671313
sim_m1,209,26-Sep-2020,1.657393,1.671313
sim_m1,210,27-Sep-2020,1.657265,1.671313
sim_m1,211,28-Sep-2020,1.657132,1.671313
sim_m1,212,29-Sep-2020,1.656991,1.671313
sim_m1,213,30-Sep-2020,1.656844,1.671313
sim_m1,214,01-Oct-2020,1.656689,1.671313
sim_m1,215,02-Oct-2020,1.656526,1.671313
sim_m1,216,03-Oct-2020,1.656355,1.671313
sim_m1,217,04-Oct-2020,1.656176,1.671313
sim_m1,218,05-Oct-2020,1.655987,1.671313
sim_m1,219,06-Oct-2020,1.655789,1.671313
sim_m1,220,07-Oct-2020,1.655581,1.671313
sim_m1,221,08-Oct-2020,1.655362,1.671313
sim_m1,222,09-Oct-2020,1.655133,1.671313
sim_m1,223,10-Oct-2020,1.654892,1.671313
sim_m1,224,11-Oct-2020,1.654639,1.671313
sim_m1,225,12-Oct-2020,1.654373,1.671313
sim_m1,226,13-Oct-2020,1.654094,1.671313
sim_m1,227,14-Oct-2020,1.653801,1.671313
sim_m1,228,15-Oct-2020,1.653493,1.671313
sim_m1,229,16-Oct-2020,1.653170,1.671313
sim_m1,230,17-Oct-2020,1.652830,1.671313
sim_m1,231,18-Oct-2020,1.652474,1.671313
sim_m1,232,19-Oct-2020,1.652099,1.671313
sim_m1,233,20-Oct-2020,1.651706,1.671313
sim_m1,234,21-Oct-2020,1.651294,1.671313
sim_m1,235,22-Oct-2020,1.650861,1.671313
sim_m1,236,23-Oct-2020,1.650406,1.671313
sim_m1,237,24-Oct-2020,1.649929,1.671313
sim_m1,238,25-Oct-2020,1.649427,1.671313
sim_m1,239,26-Oct-2020,1.648901,1.671313
sim_m1,240,27-Oct-2020,1.648349,1.671313
sim_m1,241,28-Oct-2020,1.647770,1.671313
sim_m1,242,29-Oct-2020,1.647161,1.671313
sim_m1,243,30-Oct-2020,1.646523,1.671313
sim_m1,244,31-Oct-2020,1.645853,1.671313
sim_m1,245,01-Nov-2020,1.645150,1.671313
sim_m1,246,02-Nov-2020,1.644412,1.671313
sim_m1,247,03-Nov-2020,1.643638,1.671313
sim_m1,248,04-Nov-2020,1.642826,1.671313
sim_m1,249,05-Nov-2020,1.641974,1.671313
sim_m1,250,06-Nov-2020,0.913747,0.930580
sim_m1,251,07-Nov-2020,0.913457,0.930580
sim_m1,252,08-Nov-2020,0.913157,0.930580
sim_m1,253,09-Nov-2020,0.912851,0.930580
sim_m1,254,10-Nov-2020,0.912541,0.930580
sim_m1,255,11-Nov-2020,0.912228,0.930580
sim_m1,256,12-Nov-2020,0.911915,0.930580
sim_m1,257,13-Nov-2020,0.911602,0.930580
sim_m1,258,14-Nov-2020,0.911290,0.930580
sim_m1,259,15-Nov-2020,0.910979,0.930580
sim_m1,260,16-Nov-2020,0.910670,0.930580
sim_m1,261,17-Nov-2020,0.910363,0.930580
sim_m1,262,18-Nov-2020,0.910059,0.930580
sim_m1,263,19-Nov-2020,0.909756,0.930580
sim_m1,264,20-Nov-2020,0.909456,0.930580
sim_m1,265,21-Nov-2020,0.909158,0.930580
sim_m1,266,22-Nov-2020,0.908862,0.930580
sim_m1,267,23-Nov-2020,0.908569,0.930580
sim_m1,268,24-Nov-2020,0.908279,0.930580
sim_m1,269,25-Nov-2020,0.907990,0.930580
sim_m1,270,26-Nov-2020,0.907704,0.930580
sim_m1,271,27-Nov-2020,0.907421,0.930580
sim_m1,272,28-Nov-2020,0.907140,0.930580
sim_m1,273,29-Nov-2020,0.906861,0.930580
sim_m1,274,30-Nov-2020,0.906585,0.930580
sim_m1,275,01-Dec-2020,0.906311,0.930580
sim_m1,276,02-Dec-2020,0.906039,0.930580
sim_m1,277,03-Dec-2020,0.905769,0.930580
sim_m1,278,04-Dec-2020,0.905502,0.930580
sim_m1,279,05-Dec-2020,0.905238,0.930580
sim_m1,280,06-Dec-2020,0.904975,0.930580
sim_m1,281,07-Dec-2020,0.904715,0.930580
sim_m1,282,08-Dec-2020,0.904457,0.930580
sim_m1,283,09-Dec-2020,0.904201,0.930580
sim_m1,284,10-Dec-2020,0.903947,0.930580
sim_m1,285,11-Dec-2020,0.903696,0.930580
sim_m1,286,12-Dec-2020,0.903446,0.930580
sim_m1,287,13-Dec-2020,0.903199,0.930580
sim_m1,288,14-Dec-2020,0.902955,0.930580
sim_m1,289,15-Dec-2020,0.902712,0.930580
sim_m1,290,16-Dec-2020,0.902471,0.930580
sim_m1,291,17-Dec-2020,0.902233,0.930580
sim_m1,292,18-Dec-2020,0.901996,0.930580
sim_m1,293,19-Dec-2020,0.901762,0.930580
sim_m1,294,20-Dec-2020,0.901530,0.930580
sim_m1,295,21-Dec-2020,0.901300,0.930580
sim_m1,296,22-Dec-2020,0.901072,0.930580
sim_m1,297,23-Dec-2020,0.900846,0.930580
sim_m1,298,24-Dec-2020,0.900622,0.930580
sim_m1,299,25-Dec-2020,0.900399,0.930580
sim_m1,300,26-Dec-2020,0.900179,0.930580
sim_m1,301,27-Dec-2020,0.899961,0.930580
sim_m1,302,28-Dec-2020,0.899745,0.930580
sim_m1,303,29-Dec-2020,0.899531,0.930580
sim_m1,304,30-Dec-2020,0.899319,0.930580
sim_m1,305,31-Dec-2020,0.899109,0.930580
sim_m2,0,01-Mar-2020,3.009259,3.009349
sim_m2,1,02-Mar-2020,3.009245,3.009349
sim_m2,2,03-Mar-2020,3.009228,3.009349
sim_m2,3,04-Mar-2020,3.009208,3.009349
sim_m2,4,05-Mar-2020,3.009185,3.009349
sim_m2,5,06-Mar-2020,3.009159,3.009349
sim_m2,6,07-Mar-2020,3.009130,3.009349
sim_m2,7,08-Mar-2020,3.009096,3.009349
sim_m2,8,09-Mar-2020,3.009058,3.009349
sim_m2,9,10-Mar-2020,3.009015,3.009349
sim_m2,10,11-Mar-2020,3.008965,3.009349
sim_m2,11,12-Mar-2020,3.008910,3.009349
sim_m2,12,13-Mar-2020,3.008847,3.009349
sim_m2,13,14-Mar-2020,3.008775,3.009349
sim_m2,14,15-Mar-2020,3.008694,3.009349
sim_m2,15,16-Mar-2020,3.008603,3.009349
sim_m2,16,17-Mar-2020,3.008499,3.009349
sim_m2,17,18-Mar-2020,3.008382,3.009349
sim_m2,18,19-Mar-2020,3.008248,3.009349
sim_m2,19,20-Mar-2020,3.008098,3.009349
sim_m2,20,21-Mar-2020,3.007927,3.009349
sim_m2,21,22-Mar-2020,3.007733,3.009349
sim_m2,22,23-Mar-2020,3.007514,3.009349
sim_m2,23,24-Mar-2020,3.007266,3.009349
sim_m2,24,25-Mar-2020,3.006985,3.009349
sim_m2,25,26-Mar-2020,3.006666,3.009349
sim_m2,26,27-Mar-2020,3.006306,3.009349
sim_m2,27,28-Mar-2020,3.005897,3.009349
sim_m2,28,29-Mar-2020,3.005435,3.009349
sim_m2,29,30-Mar-2020,3.004911,3.009349
sim_m2,30,31-Mar-2020,3.004318,3.009349
sim_m2,31,01-Apr-2020,0.597890,0.599025
sim_m2,32,02-Apr-2020,0.597860,0.599025
sim_m2,33,03-Apr-2020,0.597828,0.599025
sim_m2,34,04-Apr-2020,0.597794,0.599025
sim_m2,35,05-Apr-2020,0.597759,0.599025
sim_m2,36,06-Apr-2020,0.597725,0.599025
sim_m2,37,07-Apr-2020,0.597690,0.599025
sim_m2,38,08-Apr-2020,0.597656,0.599025
sim_m2,39,09-Apr-2020,0.597623,0.599025
sim_m2,40,10-Apr-2020,0.597590,0.599025
sim_m2,41,11-Apr-2020,0.597559,0.599025
sim_m2,42,12-Apr-2020,0.597528,0.599025
sim_m2,43,13-Apr-2020,0.597499,0.599025
sim_m2,44,14-Apr-2020,0.597470,0.599025
sim_m2,45,15-Apr-2020,0.597443,0.599025
sim_m2,46,16-Apr-2020,0.597416,0.599025
sim_m2,47,17-Apr-2020,0.597391,0.599025
sim_m2,48,18-Apr-2020,0.597367,0.599025
sim_m2,49,19-Apr-2020,0.597343,0.599025
sim_m2,50,20-Apr-2020,0.597320,0.599025
sim_m2,51,21-Apr-2020,0.597299,0.599025
sim_m2,52,22-Apr-2020,0.597278,0.599025
sim_m2,53,23-Apr-2020,0.597258,0.599025
sim_m2,54,24-Apr-2020,0.597238,0.599025
sim_m2,55,25-Apr-2020,0.597220,0.599025
sim_m2,56,26-Apr-2020,0.597202,0.599025
sim_m2,57,27-Apr-2020,0.597185,0.599025
sim_m2,58,28-Apr-2020,0.597168,0.599025
sim_m2,59,29-Apr-2020,0.597152,0.599025
sim_m2,60,30-Apr-2020,0.597137,0.599025
sim_m2,61,01-May-2020,0.597122,0.599025
sim_m2,62,02-May-2020,0.597108,0.599025
sim_m2,63,03-May-2020,0.597095,0.599025
sim_m2,64,04-May-2020,0.597082,0.599025
sim_m2,65,05-May-2020,0.597069,0.599025
sim_m2,66,06-May-2020,0.597057,0.599025
sim_m2,67,07-May-2020,0.597046,0.599025
sim_m2,68,08-May-2020,0.597034,0.599025
sim_m2,69,09-May-2020,0.597024,0.599025
sim_m2,70,10-May-2020,1.019712,1.023148
sim_m2,71,11-May-2020,1.019683,1.023148
sim_m2,72,12-May-2020,1.019655,1.023148
sim_m2,73,13-May-2020,1.019628,1.023148
sim_m2,74,14-May-2020,1.019601,1.023148
sim_m2,75,15-May-2020,1.019574,1.023148
sim_m2,76,16-May-2020,1.019548,1.023148
sim_m2,77,17-May-2020,1.019522,1.023148
sim_m2,78,18-May-2020,1.019495,1.023148
sim_m2,79,19-May-2020,1.019469,1.023148
sim_m2,80,20-May-2020,1.019443,1.023148
sim_m2,81,21-May-2020,1.019417,1.023148
sim_m2,82,22-May-2020,1.019390,1.023148
sim_m2,83,23-May-2020,1.019364,1.023148
sim_m2,84,24-May-2020,1.019338,1.023148
sim_m2,85,25-May-2020,1.019311,1.023148
sim_m2,86,26-May-2020,1.019285,1.023148
sim_m2,87,27-May-2020,1.019258,1.023148
sim_m2,88,28-May-2020,1.019232,1.023148
sim_m2,89,29-May-2020,1.019205,1.023148
sim_m2,90,30-May-2020,1.019179,1.023148
sim_m2,91,31-May-2020,1.019152,1.023148
sim_m2,92,01-Jun-2020,1.019125,1.023148
sim_m2,93,02-Jun-2020,1.019099,1.023148
sim_m2,94,03-Jun-2020,1.019072,1.023148
sim_m2,95,04-Jun-2020,1.019045,1.023148
sim_m2,96,05-Jun-2020,1.019018,1.023148
sim_m2,97,06-Jun-2020,1.018991,1.023148
sim_m2,98,07-Jun-2020,1.018965,1.023148
sim_m2,99,08-Jun-2020,1.018938,1.023148
sim_m2,100,09-Jun-2020,1.018911,1.023148
sim_m2,101,10-Jun-2020,1.018883,1.023148
sim_m2,102,11-Jun-2020,1.018856,1.023148
sim_m2,103,12-Jun-2020,1.018829,1.023148
sim_m2,104,13-Jun-2020,1.018802,1.023148
sim_m2,105,14-Jun-2020,1.018775,1.023148
sim_m2,106,15-Jun-2020,1.018748,1.023148
sim_m2,107,16-Jun-2020,1.018720,1.023148
sim_m2,108,17-Jun-2020,1.018693,1.023148
sim_m2,109,18-Jun-2020,1.018665,1.023148
sim_m2,110,19-Jun-2020,1.018638,1.023148
sim_m2,111,20-Jun-2020,1.018611,1.023148
sim_m2,112,21-Jun-2020,1.018583,1.023148
sim_m2,113,22-Jun-2020,1.018555,1.023148
sim_m2,114,23-Jun-2020,1.018528,1.023148
sim_m2,115,24-Jun-2020,1.018500,1.023148
sim_m2,116,25-Jun-2020,1.018472,1.023148
sim_m2,117,26-Jun-2020,1.018445,1.023148
sim_m2,118,27-Jun-2020,1.018417,1.023148
sim_m2,119,28-Jun-2020,1.018389,1.023148
sim_m2,120,29-Jun-2020,1.018361,1.023148
sim_m2,121,30-Jun-2020,1.018333,1.023148
sim_m2,122,01-Jul-2020,1.018305,1.023148
sim_m2,123,02-Jul-2020,1.018277,1.023148
sim_m2,124,03-Jul-2020,1.018249,1.023148
sim_m2,125,04-Jul-2020,1.018221,1.023148
sim_m2,126,05-Jul-2020,1.018193,1.023148
sim_m2,127,06-Jul-2020,1.018165,1.023148
sim_m2,128,07-Jul-2020,1.018136,1.023148
sim_m2,129,08-Jul-2020,1.018108,1.023148
sim_m2,130,09-Jul-2020,1.018080,1.023148
sim_m2,131,10-Jul-2020,1.018052,1.023148
sim_m2,132,11-Jul-2020,1.018023,1.023148
sim_m2,133,12-Jul-2020,1.017995,1.023148
sim_m2,134,13-Jul-2020,1.017966,1.023148
sim_m2,135,14-Jul-2020,1.017938,1.023148
sim_m2,136,15-Jul-2020,1.017909,1.023148
sim_m2,137,16-Jul-2020,1.017880,1.023148
sim_m2,138,17-Jul-2020,1.017852,1.023148
sim_m2,139,18-Jul-2020,1.017823,1.023148
sim_m2,140,19-Jul-2020,1.017794,1.023148
sim_m2,141,20-Jul-2020,1.017766,1.023148
sim_m2,142,21-Jul-2020,1.017737,1.023148
sim_m2,143,22-Jul-2020,1.017708,1.023148
sim_m2,144,23-Jul-2020,1.017679,1.023148
sim_m2,145,24-Jul-2020,1.017650,1.023148
sim_m2,146,25-Jul-2020,1.017621,1.023148
sim_m2,147,26-Jul-2020,1.017592,1.023148
sim_m2,148,27-Jul-2020,1.017563,1.023148
sim_m2,149,28-Jul-2020,1.017534,1.023148
sim_m2,150,29-Jul-2020,1.017504,1.023148
sim_m2,151,30-Jul-2020,1.017475,1.023148
sim_m2,152,31-Jul-2020,1.017446,1.023148
sim_m2,153,01-Aug-2020,1.017417,1.023148
sim_m2,154,02-Aug-2020,1.017387,1.023148
sim_m2,155,03-Aug-2020,1.017358,1.023148
sim_m2,156,04-Aug-2020,1.017328,1.023148
sim_m2,157,05-Aug-2020,1.017299,1.023148
sim_m2,158,06-Aug-2020,1.017269,1.023148
sim_m2,159,07-Aug-2020,1.017240,1.023148
sim_m2,160,08-Aug-2020,1.017210,1.023148
sim_m2,161,09-Aug-2020,1.017180,1.023148
sim_m2,162,10-Aug-2020,1.017151,1.023148
sim_m2,163,11-Aug-2020,1.017121,1.023148
sim_m2,164,12-Aug-2020,1.017091,1.023148
sim_m2,165,13-Aug-2020,1.017061,1.023148
sim_m2,166,14-Aug-2020,1.017032,1.023148
sim_m2,167,15-Aug-2020,1.017002,1.023148
sim_m2,168,16-Aug-2020,1.016972,1.023148
sim_m2,169,17-Aug-2020,1.016942,1.023148
sim_m2,170,18-Aug-2020,1.016912,1.023148
sim_m2,171,19-Aug-2020,1.016881,1.023148
sim_m2,172,20-Aug-2020,1.016851,1.023148
sim_m2,173,21-Aug-2020,1.016821,1.023148
sim_m2,174,22-Aug-2020,1.016791,1.023148
sim_m2,175,23-Aug-2020,1.016761,1.023148
sim_m2,176,24-Aug-2020,1.016730,1.023148
sim_m2,177,25-Aug-2020,1.016700,1.023148
sim_m2,178,26-Aug-2020,1.016670,1.023148
sim_m2,179,27-Aug-2020,1.016639,1.023148
sim_m2,180,28-Aug-2020,1.016609,1.023148
sim_m2,181,29-Aug-2020,1.016578,1.023148
sim_m2,182,30-Aug-2020,1.016548,1.023148
sim_m2,183,31-Aug-2020,1.016517,1.023148
sim_m2,184,01-Sep-2020,1.016486,1.023148
sim_m2,185,02-Sep-2020,1.016456,1.023148
sim_m2,186,03-Sep-2020,1.016425,1.023148
sim_m2,187,04-Sep-2020,1.016394,1.023148
sim_m2,188,05-Sep-2020,1.016363,1.023148
sim_m2,189,06-Sep-2020,1.016332,1.023148
sim_m2,190,07-Sep-2020,1.016301,1.023148
sim_m2,191,08-Sep-2020,1.016271,1.023148
sim_m2,192,09-Sep-2020,1.016240,1.023148
sim_m2,193,10-Sep-2020,1.016209,1.023148
sim_m2,194,11-Sep-2020,1.016177,1.023148
sim_m2,195,12-Sep-2020,1.016146,1.023148
sim_m2,196,13-Sep-2020,1.016115,1.023148
sim_m2,197,14-Sep-2020,1.719614,1.731569
sim_m2,198,15-Sep-2020,1.719524,1.731569
sim_m2,199,16-Sep-2020,1.719433,1.731569
sim_m2,200,17-Sep-2020,1.719339,1.731569
sim_m2,201,18-Sep-2020,1.719242,1.731569
sim_m2,202,19-Sep-2020,1.719140,1.731569
sim_m2,203,20-Sep-2020,1.719034,1.731569
sim_m2,204,21-Sep-2020,1.718922,1.731569
sim_m2,205,22-Sep-2020,1.718805,1.731569
sim_m2,206,23-Sep-2020,1.718681,1.731569
sim_m2,207,24-Sep-2020,1.718551,1.731569
sim_m2,208,25-Sep-2020,1.718413,1.731569
sim_m2,209,26-Sep-2020,1.718268,1.731569
sim_m2,210,27-Sep-2020,1.718115,1.731569
sim_m2,211,28-Sep-2020,1.717954,1.731569
sim_m2,212,29-Sep-2020,1.717784,1.731569
sim_m2,213,30-Sep-2020,1.717605,1.731569
sim_m2,214,01-Oct-2020,1.717416,1.731569
sim_m2,215,02-Oct-2020,1.717217,1.731569
sim_m2,216,03-Oct-2020,1.717007,1.731569
sim_m2,217,04-Oct-2020,1.716785,1.731569
sim_m2,218,05-Oct-2020,1.716552,1.731569
sim_m2,219,06-Oct-2020,1.716305,1.731569
sim_m2,220,07-Oct-2020,1.716045,1.731569
sim_m2,221,08-Oct-2020,1.715772,1.731569
sim_m2,222,09-Oct-2020,1.715483,1.731569
sim_m2,223,10-Oct-2020,1.715178,1.731569
sim_m2,224,11-Oct-2020,1.714857,1.731569
sim_m2,225,12-Oct-2020,1.714518,1.731569
sim_m2,226,13-Oct-2020,1.714162,1.731569
sim_m2,227,14-Oct-2020,1.713785,1.731569
sim_m2,228,15-Oct-2020,1.713389,1.731569
sim_m2,229,16-Oct-2020,1.712970,1.731569
sim_m2,230,17-Oct-2020,1.712530,1.731569
sim_m2,231,18-Oct-2020,1.712065,1.731569
sim_m2,232,19-Oct-2020,1.711575,1.731569
sim_m2,233,20-Oct-2020,1.711059,1.731569
sim_m2,234,21-Oct-2020,1.710515,1.731569
sim_m2,235,22-Oct-2020,1.709941,1.731569
sim_m2,236,23-Oct-2020,1.709337,1.731569
sim_m2,237,24-Oct-2020,1.708700,1.731569
sim_m2,238,25-Oct-2020,1.708029,1.731569
sim_m2,239,26-Oct-2020,1.707322,1.731569
sim_m2,240,27-Oct-2020,1.706577,1.731569
sim_m2,241,28-Oct-2020,1.705792,1.731569
sim_m2,242,29-Oct-2020,1.704965,1.731569
sim_m2,243,30-Oct-2020,1.704094,1.731569
sim_m2,244,31-Oct-2020,1.703177,1.731569
sim_m2,245,01-Nov-2020,1.702210,1.731569
sim_m2,246,02-Nov-2020,1.701193,1.731569
sim_m2,247,03-Nov-2020,1.700121,1.731569
sim_m2,248,04-Nov-2020,1.698993,1.731569
sim_m2,249,05-Nov-2020,1.697805,1.731569
sim_m2,250,06-Nov-2020,0.927386,0.946526
sim_m2,251,07-Nov-2020,0.926993,0.946526
sim_m2,252,08-Nov-2020,0.926587,0.946526
sim_m2,253,09-Nov-2020,0.926170,0.946526
sim_m2,254,10-Nov-2020,0.925748,0.946526
sim_m2,255,11-Nov-2020,0.925321,0.946526
sim_m2,256,12-Nov-2020,0.924893,0.946526
sim_m2,257,13-Nov-2020,0.924465,0.946526
sim_m2,258,14-Nov-2020,0.924037,0.946526
sim_m2,259,15-Nov-2020,0.923611,0.946526
sim_m2,260,16-Nov-2020,0.923187,0.946526
sim_m2,261,17-Nov-2020,0.922765,0.946526
sim_m2,262,18-Nov-2020,0.922346,0.946526
sim_m2,263,19-Nov-2020,0.921929,0.946526
sim_m2,264,20-Nov-2020,0.921515,0.946526
sim_m2,265,21-Nov-2020,0.921104,0.946526
sim_m2,266,22-Nov-2020,0.920696,0.946526
sim_m2,267,23-Nov-2020,0.920291,0.946526
sim_m2,268,24-Nov-2020,0.919888,0.946526
sim_m2,269,25-Nov-2020,0.919489,0.946526
sim_m2,270,26-Nov-2020,0.919092,0.946526
sim_m2,271,27-Nov-2020,0.918699,0.946526
sim_m2,272,28-Nov-2020,0.918308,0.946526
sim_m2,273,29-Nov-2020,0.917921,0.946526
sim_m2,274,30-Nov-2020,0.917536,0.946526
sim_m2,275,01-Dec-2020,0.917154,0.946526
sim_m2,276,02-Dec-2020,0.916775,0.946526
sim_m2,277,03-Dec-2020,0.916399,0.946526
sim_m2,278,04-Dec-2020,0.916026,0.946526
sim_m2,279,05-Dec-2020,0.915656,0.946526
sim_m2,280,06-Dec-2020,0.915288,0.946526
sim_m2,281,07-Dec-2020,0.914924,0.946526
sim_m2,282,08-Dec-2020,0.914562,0.946526
sim_m2,283,09-Dec-2020,0.914203,0.946526
sim_m2,284,10-Dec-2020,0.913847,0.946526
sim_m2,285,11-Dec-2020,0.913493,0.946526
sim_m2,286,12-Dec-2020,0.913143,0.946526
sim_m2,287,13-Dec-2020,0.912795,0.946526
sim_m2,288,14-Dec-2020,0.912450,0.946526
sim_m2,289,15-Dec-2020,0.912108,0.946526
sim_m2,290,16-Dec-2020,0.911768,0.946526
sim_m2,291,17-Dec-2020,0.911432,0.946526
sim_m2,292,18-Dec-2020,0.911098,0.946526
sim_m2,293,19-Dec-2020,0.910766,0.946526
sim_m2,294,20-Dec-2020,0.910438,0.946526
sim_m2,295,21-Dec-2020,0.910112,0.946526
sim_m2,296,22-Dec-2020,0.909789,0.946526
sim_m2,297,23-Dec-2020,0.909468,0.946526
sim_m2,298,24-Dec-2020,0.909150,0.946526
sim_m2,299,25-Dec-2020,0.908835,0.946526
sim_m2,300,26-Dec-2020,0.908522,0.946526
sim_m2,301,27-Dec-2020,0.908212,0.946526
sim_m2,302,28-Dec-2020,0.907904,0.946526
sim_m2,303,29-Dec-2020,0.907599,0.946526
sim_m2,304,30-Dec-2020,0.907297,0.946526
sim_m2,305,31-Dec-2020,0.906997,0.946526
age_point,0,01-Mar-2020,2.973666,2.973789
age_point,1,02-Mar-2020,2.973658,2.973789
age_point,2,03-Mar-2020,2.973644,2.973789
age_point,3,04-Mar-2020,2.973623,2.973789
age_point,4,05-Mar-2020,2.973598,2.973789
age_point,5,06-Mar-2020,2.973568,2.973789
age_point,6,07-Mar-2020,2.973533,2.973789
age_point,7,08-Mar-2020,2.973493,2.973789
age_point,8,09-Mar-2020,2.973447,2.973789
age_point,9,10-Mar-2020,2.973395,2.973789
age_point,10,11-Mar-2020,2.973336,2.973789
age_point,11,12-Mar-2020,2.973269,2.973789
age_point,12,13-Mar-2020,2.973194,2.973789
age_point,13,14-Mar-2020,2.973108,2.973789
age_point,14,15-Mar-2020,2.973011,2.973789
age_point,15,16-Mar-2020,2.972902,2.973789
age_point,16,17-Mar-2020,2.972778,2.973789
age_point,17,18-Mar-2020,2.972638,2.973789
age_point,18,19-Mar-2020,2.972480,2.973789
age_point,19,20-Mar-2020,2.972301,2.973789
age_point,20,21-Mar-2020,2.972099,2.973789
age_point,21,22-Mar-2020,2.971870,2.973789
age_point,22,23-Mar-2020,2.971612,2.973789
age_point,23,24-Mar-2020,2.971319,2.973789
age_point,24,25-Mar-2020,2.970989,2.973789
age_point,25,26-Mar-2020,2.970615,2.973789
age_point,26,27-Mar-2020,2.970193,2.973789
age_point,27,28-Mar-2020,2.969715,2.973789
age_point,28,29-Mar-2020,2.969175,2.973789
age_point,29,30-Mar-2020,2.968565,2.973789
age_point,30,31-Mar-2020,2.967875,2.973789
age_point,31,01-Apr-2020,0.539959,0.541177
age_point,32,02-Apr-2020,0.539930,0.541177
age_point,33,03-Apr-2020,0.539899,0.541177
age_point,34,04-Apr-2020,0.539866,0.541177
age_point,35,05-Apr-2020,0.539833,0.541177
age_point,36,06-Apr-2020,0.539800,0.541177
age_point,37,07-Apr-2020,0.539767,0.541177
age_point,38,08-Apr-2020,0.539734,0.541177
age_point,39,09-Apr-2020,0.539703,0.541177
age_point,40,10-Apr-2020,0.539672,0.541177
age_point,41,11-Apr-2020,0.539643,0.541177
age_point,42,12-Apr-2020,0.539615,0.541177
age_point,43,13-Apr-2020,0.539587,0.541177
age_point,44,14-Apr-2020,0.539561,0.541177
age_point,45,15-Apr-2020,0.539536,0.541177
age_point,46,16-Apr-2020,0.539512,0.541177
age_point,47,17-Apr-2020,0.539489,0.541177
age_point,48,18-Apr-2020,0.539467,0.541177
age_point,49,19-Apr-2020,0.539447,0.541177
age_point,50,20-Apr-2020,0.539427,0.541177
age_point,51,21-Apr-2020,0.539407,0.541177
age_point,52,22-Apr-2020,0.539389,0.541177
age_point,53,23-Apr-2020,0.539372,0.541177
age_point,54,24-Apr-2020,0.539355,0.541177
age_point,55,25-Apr-2020,0.539339,0.541177
age_point,56,26-Apr-2020,0.539324,0.541177
age_point,57,27-Apr-2020,0.539310,0.541177
age_point,58,28-Apr-2020,0.539296,0.541177
age_point,59,29-Apr-2020,0.539283,0.541177
age_point,60,30-Apr-2020,0.539270,0.541177
age_point,61,01-May-2020,0.539258,0.541177
age_point,62,02-May-2020,0.539246,0.541177
age_point,63,03-May-2020,0.539235,0.541177
age_point,64,04-May-2020,0.539225,0.541177
age_point,65,05-May-2020,0.539215,0.541177
age_point,66,06-May-2020,0.539205,0.541177
age_point,67,07-May-2020,0.539196,0.541177
age_point,68,08-May-2020,0.539188,0.541177
age_point,69,09-May-2020,0.539179,0.541177
age_point,70,10-May-2020,1.031058,1.034894
age_point,71,11-May-2020,1.031031,1.034894
age_point,72,12-May-2020,1.031004,1.034894
age_point,73,13-May-2020,1.030978,1.034894
age_point,74,14-May-2020,1.030952,1.034894
age_point,75,15-May-2020,1.030927,1.034894
age_point,76,16-May-2020,1.030902,1.034894
age_point,77,17-May-2020,1.030877,1.034894
age_point,78,18-May-2020,1.030852,1.034894
age_point,79,19-May-2020,1.030827,1.034894
age_point,80,20-May-2020,1.030802,1.034894
age_point,81,21-May-2020,1.030777,1.034894
age_point,82,22-May-2020,1.030752,1.034894
age_point,83,23-May-2020,1.030727,1.034894
age_point,84,24-May-2020,1.030702,1.034894
age_point,85,25-May-2020,1.030676,1.034894
age_point,86,26-May-2020,1.030651,1.034894
age_point,87,27-May-2020,1.030626,1.034894
age_point,88,28-May-2020,1.030601,1.034894
age_point,89,29-May-2020,1.030575,1.034894
age_point,90,30-May-2020,1.030550,1.034894
age_point,91,31-May-2020,1.030524,1.034894
age_point,92,01-Jun-2020,1.030498,1.034894
age_point,93,02-Jun-2020,1.030473,1.034894
age_point,94,03-Jun-2020,1.030447,1.034894
age_point,95,04-Jun-2020,1.030421,1.034894
age_point,96,05-Jun-2020,1.030395,1.034894
age_point,97,06-Jun-2020,1.030369,1.034894
age_point,98,07-Jun-2020,1.030343,1.034894
age_point,99,08-Jun-2020,1.030317,1.034894
age_point,100,09-Jun-2020,1.030291,1.034894
age_point,101,10-Jun-2020,1.030265,1.034894
age_point,102,11-Jun-2020,1.030239,1.034894
age_point,103,12-Jun-2020,1.030212,1.034894
age_point,104,13-Jun-2020,1.030186,1.034894
age_point,105,14-Jun-2020,1.030159,1.034894
age_point,106,15-Jun-2020,1.030133,1.034894
age_point,107,16-Jun-2020,1.030106,1.034894
age_point,108,17-Jun-2020,1.030079,1.034894
age_point,109,18-Jun-2020,1.030053,1.034894
age_point,110,19-Jun-2020,1.030026,1.034894
age_point,111,20-Jun-2020,1.029999,1.034894
age_point,112,21-Jun-2020,1.029972,1.034894
age_point,113,22-Jun-2020,1.029945,1.034894
age_point,114,23-Jun-2020,1.029918,1.034894
age_point,115,24-Jun-2020,1.029891,1.034894
age_point,116,25-Jun-2020,1.029863,1.034894
age_point,117,26-Jun-2020,1.029836,1.034894
age_point,118,27-Jun-2020,1.029809,1.034894
age_point,119,28-Jun-2020,1.029781,1.034894
age_point,120,29-Jun-2020,1.029754,1.034894
age_point,121,30-Jun-2020,1.029726,1.034894
age_point,122,01-Jul-2020,1.029698,1.034894
age_point,123,02-Jul-2020,1.029671,1.034894
age_point,124,03-Jul-2020,1.029643,1.034894
age_point,125,04-Jul-2020,1.029615,1.034894
age_point,126,05-Jul-2020,1.029587,1.034894
age_point,127,06-Jul-2020,1.029559,1.034894
age_point,128,07-Jul-2020,1.029531,1.034894
age_point,129,08-Jul-2020,1.029503,1.034894
age_point,130,09-Jul-2020,1.029474,1.034894
age_point,131,10-Jul-2020,1.029446,1.034894
age_point,132,11-Jul-2020,1.029418,1.034894
age_point,133,12-Jul-2020,1.029389,1.034894
age_point,134,13-Jul-2020,1.029361,1.034894
age_point,135,14-Jul-2020,1.029332,1.034894
age_point,136,15-Jul-2020,1.029304,1.034894
age_point,137,16-Jul-2020,1.029275,1.034894
age_point,138,17-Jul-2020,1.029246,1.034894
age_point,139,18-Jul-2020,1.029217,1.034894
age_point,140,19-Jul-2020,1.029188,1.034894
age_point,141,20-Jul-2020,1.029159,1.034894
age_point,142,21-Jul-2020,1.029130,1.034894
age_point,143,22-Jul-2020,1.029101,1.034894
age_point,144,23-Jul-2020,1.029072,1.034894
age_point,145,24-Jul-2020,1.029042,1.034894
age_point,146,25-Jul-2020,1.029013,1.034894
age_point,147,26-Jul-2020,1.028984,1.034894
age_point,148,27-Jul-2020,1.028954,1.034894
age_point,149,28-Jul-2020,1.028924,1.034894
age_point,150,29-Jul-2020,1.028895,1.034894
age_point,151,30-Jul-2020,1.028865,1.034894
age_point,152,31-Jul-2020,1.028835,1.034894
age_point,153,01-Aug-2020,1.028805,1.034894
age_point,154,02-Aug-2020,1.028775,1.034894
age_point,155,03-Aug-2020,1.028745,1.034894
age_point,156,04-Aug-2020,1.028715,1.034894
age_point,157,05-Aug-2020,1.028685,1.034894
age_point,158,06-Aug-2020,1.028655,1.034894
age_point,159,07-Aug-2020,1.028624,1.034894
age_point,160,08-Aug-2020,1.028594,1.034894
age_point,161,09-Aug-2020,1.028564,1.034894
age_point,162,10-Aug-2020,1.028533,1.034894
age_point,163,11-Aug-2020,1.028502,1.034894
age_point,164,12-Aug-2020,1.028472,1.034894
age_point,165,13-Aug-2020,1.028441,1.034894
age_point,166,14-Aug-2020,1.028410,1.034894
age_point,167,15-Aug-2020,1.028379,1.034894
age_point,168,16-Aug-2020,1.028348,1.034894
age_point,169,17-Aug-2020,1.028317,1.034894
age_point,170,18-Aug-2020,1.028286,1.034894
age_point,171,19-Aug-2020,1.028255,1.034894
age_point,172,20-Aug-2020,1.028223,1.034894
age_point,173,21-Aug-2020,1.028192,1.034894
age_point,174,22-Aug-2020,1.028161,1.034894
age_point,175,23-Aug-2020,1.028129,1.034894
age_point,176,24-Aug-2020,1.028097,1.034894
age_point,177,25-Aug-2020,1.028066,1.034894
age_point,178,26-Aug-2020,1.028034,1.034894
age_point,179,27-Aug-2020,1.028002,1.034894
age_point,180,28-Aug-2020,1.027970,1.034894
age_point,181,29-Aug-2020,1.027938,1.034894
age_point,182,30-Aug-2020,1.027906,1.034894
age_point,183,31-Aug-2020,1.027874,1.034894
age_point,184,01-Sep-2020,1.027842,1.034894
age_point,185,02-Sep-2020,1.027810,1.034894
age_point,186,03-Sep-2020,1.027777,1.034894
age_point,187,04-Sep-2020,1.027745,1.034894
age_point,188,05-Sep-2020,1.027712,1.034894
age_point,189,06-Sep-2020,1.027680,1.034894
age_point,190,07-Sep-2020,1.027647,1.034894
age_point,191,08-Sep-2020,1.027614,1.034894
age_point,192,09-Sep-2020,1.027581,1.034894
age_point,193,10-Sep-2020,1.027549,1.034894
age_point,194,11-Sep-2020,1.027516,1.034894
age_point,195,12-Sep-2020,1.027483,1.034894
age_point,196,13-Sep-2020,1.027449,1.034894
age_point,197,14-Sep-2020,1.752470,1.765225
age_point,198,15-Sep-2020,1.752373,1.765225
age_point,199,16-Sep-2020,1.752274,1.765225
age_point,200,17-Sep-2020,1.752172,1.765225
age_point,201,18-Sep-2020,1.752067,1.765225
age_point,202,19-Sep-2020,1.751956,1.765225
age_point,203,20-Sep-2020,1.751840,1.765225
age_point,204,21-Sep-2020,1.751718,1.765225
age_point,205,22-Sep-2020,1.751589,1.765225
age_point,206,23-Sep-2020,1.751453,1.765225
age_point,207,24-Sep-2020,1.751309,1.765225
age_point,208,25-Sep-2020,1.751158,1.765225
age_point,209,26-Sep-2020,1.750997,1.765225
age_point,210,27-Sep-2020,1.750828,1.765225
age_point,211,28-Sep-2020,1.750649,1.765225
age_point,212,29-Sep-2020,1.750460,1.765225
age_point,213,30-Sep-2020,1.750260,1.765225
age_point,214,01-Oct-2020,1.750049,1.765225
age_point,215,02-Oct-2020,1.749826,1.765225
age_point,216,03-Oct-2020,1.749590,1.765225
age_point,217,04-Oct-2020,1.749341,1.765225
age_point,218,05-Oct-2020,1.749077,1.765225
age_point,219,06-Oct-2020,1.748799,1.765225
age_point,220,07-Oct-2020,1.748505,1.765225
age_point,221,08-Oct-2020,1.748195,1.765225
age_point,222,09-Oct-2020,1.747866,1.765225
age_point,223,10-Oct-2020,1.747519,1.765225
age_point,224,11-Oct-2020,1.747153,1.765225
age_point,225,12-Oct-2020,1.746766,1.765225
age_point,226,13-Oct-2020,1.746357,1.765225
age_point,227,14-Oct-2020,1.745925,1.765225
age_point,228,15-Oct-2020,1.745468,1.765225
age_point,229,16-Oct-2020,1.744986,1.765225
age_point,230,17-Oct-2020,1.744477,1.765225
age_point,231,18-Oct-2020,1.743939,1.765225
age_point,232,19-Oct-2020,1.743371,1.765225
age_point,233,20-Oct-2020,1.742771,1.765225
age_point,234,21-Oct-2020,1.742137,1.765225
age_point,235,22-Oct-2020,1.741468,1.765225
age_point,236,23-Oct-2020,1.740761,1.765225
age_point,237,24-Oct-2020,1.740015,1.765225
age_point,238,25-Oct-2020,1.739227,1.765225
age_point,239,26-Oct-2020,1.738395,1.765225
age_point,240,27-Oct-2020,1.737517,1.765225
age_point,241,28-Oct-2020,1.736590,1.765225
age_point,242,29-Oct-2020,1.735612,1.765225
age_point,243,30-Oct-2020,1.734579,1.765225
age_point,244,31-Oct-2020,1.733489,1.765225
age_point,245,01-Nov-2020,1.732339,1.765225
age_point,246,02-Nov-2020,1.731126,1.765225
age_point,247,03-Nov-2020,1.729846,1.765225
age_point,248,04-Nov-2020,1.728495,1.765225
age_point,249,05-Nov-2020,1.727071,1.765225
age_point,250,06-Nov-2020,0.852873,0.872473
age_point,251,07-Nov-2020,0.852487,0.872473
age_point,252,08-Nov-2020,0.852087,0.872473
age_point,253,09-Nov-2020,0.851679,0.872473
age_point,254,10-Nov-2020,0.851265,0.872473
age_point,255,11-Nov-2020,0.850849,0.872473
age_point,256,12-Nov-2020,0.850434,0.872473
age_point,257,13-Nov-2020,0.850021,0.872473
age_point,258,14-Nov-2020,0.849611,0.872473
age_point,259,15-Nov-2020,0.849204,0.872473
age_point,260,16-Nov-2020,0.848802,0.872473
age_point,261,17-Nov-2020,0.848405,0.872473
age_point,262,18-Nov-2020,0.848012,0.872473
age_point,263,19-Nov-2020,0.847625,0.872473
age_point,264,20-Nov-2020,0.847243,0.872473
age_point,265,21-Nov-2020,0.846866,0.872473
age_point,266,22-Nov-2020,0.846494,0.872473
age_point,267,23-Nov-2020,0.846127,0.872473
age_point,268,24-Nov-2020,0.845765,0.872473
age_point,269,25-Nov-2020,0.845409,0.872473
age_point,270,26-Nov-2020,0.845057,0.872473
age_point,271,27-Nov-2020,0.844711,0.872473
age_point,272,28-Nov-2020,0.844369,0.872473
age_point,273,29-Nov-2020,0.844032,0.872473
age_point,274,30-Nov-2020,0.843700,0.872473
age_point,275,01-Dec-2020,0.843373,0.872473
age_point,276,02-Dec-2020,0.843050,0.872473
age_point,277,03-Dec-2020,0.842732,0.872473
age_point,278,04-Dec-2020,0.842419,0.872473
age_point,279,05-Dec-2020,0.842110,0.872473
age_point,280,06-Dec-2020,0.841806,0.872473
age_point,281,07-Dec-2020,0.841505,0.872473
age_point,282,08-Dec-2020,0.841210,0.872473
age_point,283,09-Dec-2020,0.840918,0.872473
age_point,284,10-Dec-2020,0.840631,0.872473
age_point,285,11-Dec-2020,0.840348,0.872473
age_point,286,12-Dec-2020,0.840069,0.872473
age_point,287,13-Dec-2020,0.839795,0.872473
age_point,288,14-Dec-2020,0.839524,0.872473
age_point,289,15-Dec-2020,0.839257,0.872473
age_point,290,16-Dec-2020,0.838994,0.872473
age_point,291,17-Dec-2020,0.838735,0.872473
age_point,292,18-Dec-2020,0.838480,0.872473
age_point,293,19-Dec-2020,0.838228,0.872473
age_point,294,20-Dec-2020,0.837981,0.872473
age_point,295,21-Dec-2020,0.837736,0.872473
age_point,296,22-Dec-2020,0.837496,0.872473
age_point,297,23-Dec-2020,0.837259,0.872473
age_point,298,24-Dec-2020,0.837026,0.872473
age_point,299,25-Dec-2020,0.836796,0.872473
age_point,300,26-Dec-2020,0.836569,0.872473
age_point,301,27-Dec-2020,0.836346,0.872473
age_point,302,28-Dec-2020,0.836126,0.872473
age_point,303,29-Dec-2020,0.835909,0.872473
age_point,304,30-Dec-2020,0.835696,0.872473
age_point,305,31-Dec-2020,0.835486,0.872473
age_bayes,0,01-Mar-2020,2.880011,2.880150
age_bayes,1,02-Mar-2020,2.880006,2.880150
age_bayes,2,03-Mar-2020,2.879993,2.880150
age_bayes,3,04-Mar-2020,2.879974,2.880150
age_bayes,4,05-Mar-2020,2.879948,2.880150
age_bayes,5,06-Mar-2020,2.879918,2.880150
age_bayes,6,07-Mar-2020,2.879881,2.880150
age_bayes,7,08-Mar-2020,2.879840,2.880150
age_bayes,8,09-Mar-2020,2.879792,2.880150
age_bayes,9,10-Mar-2020,2.879738,2.880150
age_bayes,10,11-Mar-2020,2.879677,2.880150
age_bayes,11,12-Mar-2020,2.879609,2.880150
age_bayes,12,13-Mar-2020,2.879531,2.880150
age_bayes,13,14-Mar-2020,2.879444,2.880150
age_bayes,14,15-Mar-2020,2.879346,2.880150
age_bayes,15,16-Mar-2020,2.879236,2.880150
age_bayes,16,17-Mar-2020,2.879112,2.880150
age_bayes,17,18-Mar-2020,2.878972,2.880150
age_bayes,18,19-Mar-2020,2.878815,2.880150
age_bayes,19,20-Mar-2020,2.878638,2.880150
age_bayes,20,21-Mar-2020,2.878439,2.880150
age_bayes,21,22-Mar-2020,2.878215,2.880150
age_bayes,22,23-Mar-2020,2.877962,2.880150
age_bayes,23,24-Mar-2020,2.877678,2.880150
age_bayes,24,25-Mar-2020,2.877359,2.880150
age_bayes,25,26-Mar-2020,2.876999,2.880150
age_bayes,26,27-Mar-2020,2.876594,2.880150
age_bayes,27,28-Mar-2020,2.876139,2.880150
age_bayes,28,29-Mar-2020,2.875626,2.880150
age_bayes,29,30-Mar-2020,2.875049,2.880150
age_bayes,30,31-Mar-2020,2.874400,2.880150
age_bayes,31,01-Apr-2020,0.545121,0.546350
age_bayes,32,02-Apr-2020,0.545091,0.546350
age_bayes,33,03-Apr-2020,0.545060,0.546350
age_bayes,34,04-Apr-2020,0.545027,0.546350
age_bayes,35,05-Apr-2020,0.544994,0.546350
age_bayes,36,06-Apr-2020,0.544960,0.546350
age_bayes,37,07-Apr-2020,0.544927,0.546350
age_bayes,38,08-Apr-2020,0.544894,0.546350
age_bayes,39,09-Apr-2020,0.544863,0.546350
age_bayes,40,10-Apr-2020,0.544832,0.546350
age_bayes,41,11-Apr-2020,0.544802,0.546350
age_bayes,42,12-Apr-2020,0.544774,0.546350
age_bayes,43,13-Apr-2020,0.544746,0.546350
age_bayes,44,14-Apr-2020,0.544720,0.546350
age_bayes,45,15-Apr-2020,0.544695,0.546350
age_bayes,46,16-Apr-2020,0.544671,0.546350
age_bayes,47,17-Apr-2020,0.544647,0.546350
age_bayes,48,18-Apr-2020,0.544625,0.546350
age_bayes,49,19-Apr-2020,0.544604,0.546350
age_bayes,50,20-Apr-2020,0.544584,0.546350
age_bayes,51,21-Apr-2020,0.544565,0.546350
age_bayes,52,22-Apr-2020,0.544546,0.546350
age_bayes,53,23-Apr-2020,0.544528,0.546350
age_bayes,54,24-Apr-2020,0.544512,0.546350
age_bayes,55,25-Apr-2020,0.544495,0.546350
age_bayes,56,26-Apr-2020,0.544480,0.546350
age_bayes,57,27-Apr-2020,0.544465,0.546350
age_bayes,58,28-Apr-2020,0.544451,0.546350
age_bayes,59,29-Apr-2020,0.544438,0.546350
age_bayes,60,30-Apr-2020,0.544425,0.546350
age_bayes,61,01-May-2020,0.544413,0.546350
age_bayes,62,02-May-2020,0.544401,0.546350
age_bayes,63,03-May-2020,0.544390,0.546350
age_bayes,64,04-May-2020,0.544379,0.546350
age_bayes,65,05-May-2020,0.544369,0.546350
age_bayes,66,06-May-2020,0.544359,0.546350
age_bayes,67,07-May-2020,0.544350,0.546350
age_bayes,68,08-May-2020,0.544341,0.546350
age_bayes,69,09-May-2020,0.544332,0.546350
age_bayes,70,10-May-2020,1.029509,1.033340
age_bayes,71,11-May-2020,1.029481,1.033340
age_bayes,72,12-May-2020,1.029454,1.033340
age_bayes,73,13-May-2020,1.029428,1.033340
age_bayes,74,14-May-2020,1.029402,1.033340
age_bayes,75,15-May-2020,1.029377,1.033340
age_bayes,76,16-May-2020,1.029351,1.033340
age_bayes,77,17-May-2020,1.029326,1.033340
age_bayes,78,18-May-2020,1.029301,1.033340
age_bayes,79,19-May-2020,1.029276,1.033340
age_bayes,80,20-May-2020,1.029251,1.033340
age_bayes,81,21-May-2020,1.029226,1.033340
age_bayes,82,22-May-2020,1.029201,1.033340
age_bayes,83,23-May-2020,1.029176,1.033340
age_bayes,84,24-May-2020,1.029151,1.033340
age_bayes,85,25-May-2020,1.029126,1.033340
age_bayes,86,26-May-2020,1.029100,1.033340
age_bayes,87,27-May-2020,1.029075,1.033340
age_bayes,88,28-May-2020,1.029050,1.033340
age_bayes,89,29-May-2020,1.029024,1.033340
age_bayes,90,30-May-2020,1.028999,1.033340
age_bayes,91,31-May-2020,1.028973,1.033340
age_bayes,92,01-Jun-2020,1.028947,1.033340
age_bayes,93,02-Jun-2020,1.028922,1.033340
age_bayes,94,03-Jun-2020,1.028896,1.033340
age_bayes,95,04-Jun-2020,1.028870,1.033340
age_bayes,96,05-Jun-2020,1.028844,1.033340
age_bayes,97,06-Jun-2020,1.028818,1.033340
age_bayes,98,07-Jun-2020,1.028792,1.033340
age_bayes,99,08-Jun-2020,1.028766,1.033340
age_bayes,100,09-Jun-2020,1.028740,1.033340
age_bayes,101,10-Jun-2020,1.028713,1.033340
age_bayes,102,11-Jun-2020,1.028687,1.033340
age_bayes,103,12-Jun-2020,1.028661,1.033340
age_bayes,104,13-Jun-2020,1.028634,1.033340
age_bayes,105,14-Jun-2020,1.028608,1.033340
age_bayes,106,15-Jun-2020,1.028581,1.033340
age_bayes,107,16-Jun-2020,1.028555,1.033340
age_bayes,108,17-Jun-2020,1.028528,1.033340
age_bayes,109,18-Jun-2020,1.028501,1.033340
age_bayes,110,19-Jun-2020,1.028474,1.033340
age_bayes,111,20-Jun-2020,1.028448,1.033340
age_bayes,112,21-Jun-2020,1.028421,1.033340
age_bayes,113,22-Jun-2020,1.028394,1.033340
age_bayes,114,23-Jun-2020,1.028367,1.033340
age_bayes,115,24-Jun-2020,1.028339,1.033340
age_bayes,116,25-Jun-2020,1.028312,1.033340
age_bayes,117,26-Jun-2020,1.028285,1.033340
age_bayes,118,27-Jun-2020,1.028258,1.033340
age_bayes,119,28-Jun-2020,1.028230,1.033340
age_bayes,120,29-Jun-2020,1.028203,1.033340
age_bayes,121,30-Jun-2020,1.028175,1.033340
age_bayes,122,01-Jul-2020,1.028148,1.033340
age_bayes,123,02-Jul-2020,1.028120,1.033340
age_bayes,124,03-Jul-2020,1.028092,1.033340
age_bayes,125,04-Jul-2020,1.028064,1.033340
age_bayes,126,05-Jul-2020,1.028036,1.033340
age_bayes,127,06-Jul-2020,1.028009,1.033340
age_bayes,128,07-Jul-2020,1.027981,1.033340
age_bayes,129,08-Jul-2020,1.027952,1.033340
age_bayes,130,09-Jul-2020,1.027924,1.033340
age_bayes,131,10-Jul-2020,1.027896,1.033340
age_bayes,132,11-Jul-2020,1.027868,1.033340
age_bayes,133,12-Jul-2020,1.027839,1.033340
age_bayes,134,13-Jul-2020,1.027811,1.033340
age_bayes,135,14-Jul-2020,1.027783,1.033340
age_bayes,136,15-Jul-2020,1.027754,1.033340
age_bayes,137,16-Jul-2020,1.027725,1.033340
age_bayes,138,17-Jul-2020,1.027697,1.033340
age_bayes,139,18-Jul-2020,1.027668,1.033340
age_bayes,140,19-Jul-2020,1.027639,1.033340
age_bayes,141,20-Jul-2020,1.027610,1.033340
age_bayes,142,21-Jul-2020,1.027581,1.033340
age_bayes,143,22-Jul-2020,1.027552,1.033340
age_bayes,144,23-Jul-2020,1.027523,1.033340
age_bayes,145,24-Jul-2020,1.027494,1.033340
age_bayes,146,25-Jul-2020,1.027465,1.033340
age_bayes,147,26-Jul-2020,1.027436,1.033340
age_bayes,148,27-Jul-2020,1.027406,1.033340
age_bayes,149,28-Jul-2020,1.027377,1.033340
age_bayes,150,29-Jul-2020,1.027347,1.033340
age_bayes,151,30-Jul-2020,1.027318,1.033340
age_bayes,152,31-Jul-2020,1.027288,1.033340
age_bayes,153,01-Aug-2020,1.027259,1.033340
age_bayes,154,02-Aug-2020,1.027229,1.033340
age_bayes,155,03-Aug-2020,1.027199,1.033340
age_bayes,156,04-Aug-2020,1.027169,1.033340
age_bayes,157,05-Aug-2020,1.027139,1.033340
age_bayes,158,06-Aug-2020,1.027109,1.033340
age_bayes,159,07-Aug-2020,1.027079,1.033340
age_bayes,160,08-Aug-2020,1.027049,1.033340
age_bayes,161,09-Aug-2020,1.027018,1.033340
age_bayes,162,10-Aug-2020,1.026988,1.033340
age_bayes,163,11-Aug-2020,1.026958,1.033340
age_bayes,164,12-Aug-2020,1.026927,1.033340
age_bayes,165,13-Aug-2020,1.026897,1.033340
age_bayes,166,14-Aug-2020,1.026866,1.033340
age_bayes,167,15-Aug-2020,1.026835,1.033340
age_bayes,168,16-Aug-2020,1.026805,1.033340
age_bayes,169,17-Aug-2020,1.026774,1.033340
age_bayes,170,18-Aug-2020,1.026743,1.033340
age_bayes,171,19-Aug-2020,1.026712,1.033340
age_bayes,172,20-Aug-2020,1.026681,1.033340
age_bayes,173,21-Aug-2020,1.026650,1.033340
age_bayes,174,22-Aug-2020,1.026619,1.033340
age_bayes,175,23-Aug-2020,1.026588,1.033340
age_bayes,176,24-Aug-2020,1.026556,1.033340
age_bayes,177,25-Aug-2020,1.026525,1.033340
age_bayes,178,26-Aug-2020,1.026493,1.033340
age_bayes,179,27-Aug-2020,1.026462,1.033340
age_bayes,180,28-Aug-2020,1.026430,1.033340
age_bayes,181,29-Aug-2020,1.026399,1.033340
age_bayes,182,30-Aug-2020,1.026367,1.033340
age_bayes,183,31-Aug-2020,1.026335,1.033340
age_bayes,184,01-Sep-2020,1.026303,1.033340
age_bayes,185,02-Sep-2020,1.026271,1.033340
age_bayes,186,03-Sep-2020,1.026239,1.033340
age_bayes,187,04-Sep-2020,1.026207,1.033340
age_bayes,188,05-Sep-2020,1.026175,1.033340
age_bayes,189,06-Sep-2020,1.026143,1.033340
age_bayes,190,07-Sep-2020,1.026111,1.033340
age_bayes,191,08-Sep-2020,1.026078,1.033340
age_bayes,192,09-Sep-2020,1.026046,1.033340
age_bayes,193,10-Sep-2020,1.026013,1.033340
age_bayes,194,11-Sep-2020,1.025981,1.033340
age_bayes,195,12-Sep-2020,1.025948,1.033340
age_bayes,196,13-Sep-2020,1.025915,1.033340
age_bayes,197,14-Sep-2020,1.757802,1.770580
age_bayes,198,15-Sep-2020,1.757705,1.770580
age_bayes,199,16-Sep-2020,1.757607,1.770580
age_bayes,200,17-Sep-2020,1.757505,1.770580
age_bayes,201,18-Sep-2020,1.757400,1.770580
age_bayes,202,19-Sep-2020,1.757289,1.770580
age_bayes,203,20-Sep-2020,1.757173,1.770580
age_bayes,204,21-Sep-2020,1.757051,1.770580
age_bayes,205,22-Sep-2020,1.756923,1.770580
age_bayes,206,23-Sep-2020,1.756787,1.770580
age_bayes,207,24-Sep-2020,1.756644,1.770580
age_bayes,208,25-Sep-2020,1.756492,1.770580
age_bayes,209,26-Sep-2020,1.756332,1.770580
age_bayes,210,27-Sep-2020,1.756163,1.770580
age_bayes,211,28-Sep-2020,1.755984,1.770580
age_bayes,212,29-Sep-2020,1.755794,1.770580
age_bayes,213,30-Sep-2020,1.755594,1.770580
age_bayes,214,01-Oct-2020,1.755383,1.770580
age_bayes,215,02-Oct-2020,1.755159,1.770580
age_bayes,216,03-Oct-2020,1.754923,1.770580
age_bayes,217,04-Oct-2020,1.754673,1.770580
age_bayes,218,05-Oct-2020,1.754409,1.770580
age_bayes,219,06-Oct-2020,1.754130,1.770580
age_bayes,220,07-Oct-2020,1.753835,1.770580
age_bayes,221,08-Oct-2020,1.753523,1.770580
age_bayes,222,09-Oct-2020,1.753194,1.770580
age_bayes,223,10-Oct-2020,1.752845,1.770580
age_bayes,224,11-Oct-2020,1.752477,1.770580
age_bayes,225,12-Oct-2020,1.752088,1.770580
age_bayes,226,13-Oct-2020,1.751677,1.770580
age_bayes,227,14-Oct-2020,1.751242,1.770580
age_bayes,228,15-Oct-2020,1.750783,1.770580
age_bayes,229,16-Oct-2020,1.750298,1.770580
age_bayes,230,17-Oct-2020,1.749785,1.770580
age_bayes,231,18-Oct-2020,1.749243,1.770580
age_bayes,232,19-Oct-2020,1.748670,1.770580
age_bayes,233,20-Oct-2020,1.748066,1.770580
age_bayes,234,21-Oct-2020,1.747427,1.770580
age_bayes,235,22-Oct-2020,1.746752,1.770580
age_bayes,236,23-Oct-2020,1.746039,1.770580
age_bayes,237,24-Oct-2020,1.745286,1.770580
age_bayes,238,25-Oct-2020,1.744490,1.770580
age_bayes,239,26-Oct-2020,1.743650,1.770580
age_bayes,240,27-Oct-2020,1.742763,1.770580
age_bayes,241,28-Oct-2020,1.741826,1.770580
age_bayes,242,29-Oct-2020,1.740837,1.770580
age_bayes,243,30-Oct-2020,1.739793,1.770580
age_bayes,244,31-Oct-2020,1.738690,1.770580
age_bayes,245,01-Nov-2020,1.737526,1.770580
age_bayes,246,02-Nov-2020,1.736298,1.770580
age_bayes,247,03-Nov-2020,1.735002,1.770580
age_bayes,248,04-Nov-2020,1.733634,1.770580
age_bayes,249,05-Nov-2020,1.732191,1.770580
age_bayes,250,06-Nov-2020,0.851034,0.870660
age_bayes,251,07-Nov-2020,0.850647,0.870660
age_bayes,252,08-Nov-2020,0.850246,0.870660
age_bayes,253,09-Nov-2020,0.849835,0.870660
age_bayes,254,10-Nov-2020,0.849420,0.870660
age_bayes,255,11-Nov-2020,0.849003,0.870660
age_bayes,256,12-Nov-2020,0.848586,0.870660
age_bayes,257,13-Nov-2020,0.848171,0.870660
age_bayes,258,14-Nov-2020,0.847760,0.870660
age_bayes,259,15-Nov-2020,0.847352,0.870660
age_bayes,260,16-Nov-2020,0.846948,0.870660
age_bayes,261,17-Nov-2020,0.846550,0.870660
age_bayes,262,18-Nov-2020,0.846156,0.870660
age_bayes,263,19-Nov-2020,0.845768,0.870660
age_bayes,264,20-Nov-2020,0.845384,0.870660
age_bayes,265,21-Nov-2020,0.845006,0.870660
age_bayes,266,22-Nov-2020,0.844633,0.870660
age_bayes,267,23-Nov-2020,0.844266,0.870660
age_bayes,268,24-Nov-2020,0.843904,0.870660
age_bayes,269,25-Nov-2020,0.843546,0.870660
age_bayes,270,26-Nov-2020,0.843194,0.870660
age_bayes,271,27-Nov-2020,0.842847,0.870660
age_bayes,272,28-Nov-2020,0.842505,0.870660
age_bayes,273,29-Nov-2020,0.842168,0.870660
age_bayes,274,30-Nov-2020,0.841836,0.870660
age_bayes,275,01-Dec-2020,0.841508,0.870660
age_bayes,276,02-Dec-2020,0.841185,0.870660
age_bayes,277,03-Dec-2020,0.840867,0.870660
age_bayes,278,04-Dec-2020,0.840554,0.870660
age_bayes,279,05-Dec-2020,0.840245,0.870660
age_bayes,280,06-Dec-2020,0.839941,0.870660
age_bayes,281,07-Dec-2020,0.839641,0.870660
age_bayes,282,08-Dec-2020,0.839345,0.870660
age_bayes,283,09-Dec-2020,0.839054,0.870660
age_bayes,284,10-Dec-2020,0.838767,0.870660
age_bayes,285,11-Dec-2020,0.838484,0.870660
age_bayes,286,12-Dec-2020,0.838206,0.870660
age_bayes,287,13-Dec-2020,0.837931,0.870660
age_bayes,288,14-Dec-2020,0.837661,0.870660
age_bayes,289,15-Dec-2020,0.837395,0.870660
age_bayes,290,16-Dec-2020,0.837132,0.870660
age_bayes,291,17-Dec-2020,0.836874,0.870660
age_bayes,292,18-Dec-2020,0.836619,0.870660
age_bayes,293,19-Dec-2020,0.836368,0.870660
age_bayes,294,20-Dec-2020,0.836121,0.870660
age_bayes,295,21-Dec-2020,0.835878,0.870660
age_bayes,296,22-Dec-2020,0.835638,0.870660
age_bayes,297,23-Dec-2020,0.835402,0.870660
age_bayes,298,24-Dec-2020,0.835169,0.870660
age_bayes,299,25-Dec-2020,0.834940,0.870660
age_bayes,300,26-Dec-2020,0.834714,0.870660
age_bayes,301,27-Dec-2020,0.834492,0.870660
age_bayes,302,28-Dec-2020,0.834273,0.870660
age_bayes,303,29-Dec-2020,0.834057,0.870660
age_bayes,304,30-Dec-2020,0.833845,0.870660
age_bayes,305,31-Dec-2020,0.833636,0.870660
